"id","rank","title","fullTitle","year","image","crew","imDbRating","imDbRatingCount"
"tt0111161","1","The Shawshank Redemption","The Shawshank Redemption (1994)","1994","https://m.media-amazon.com/images/M/MV5BMDFkYTc0MGEtZmNhMC00ZDIzLWFmNTEtODM1ZmRlYWMwMWFmXkEyXkFqcGdeQXVyMTMxODk2OTU@._V1_UX128_CR0,3,128,176_AL_.jpg","Frank Darabont (dir.), Tim Robbins, Morgan Freeman","9.2","2379439"
"tt0068646","2","The Godfather","The Godfather (1972)","1972","https://m.media-amazon.com/images/M/MV5BM2MyNjYxNmUtYTAwNi00MTYxLWJmNWYtYzZlODY3ZTk3OTFlXkEyXkFqcGdeQXVyNzkwMjQ5NzM@._V1_UX128_CR0,1,128,176_AL_.jpg","Francis Ford Coppola (dir.), Marlon Brando, Al Pacino","9.1","1648431"
"tt0071562","3","The Godfather: Part II","The Godfather: Part II (1974)","1974","https://m.media-amazon.com/images/M/MV5BMWMwMGQzZTItY2JlNC00OWZiLWIyMDctNDk2ZDQ2YjRjMWQ0XkEyXkFqcGdeQXVyNzkwMjQ5NzM@._V1_UX128_CR0,1,128,176_AL_.jpg","Francis Ford Coppola (dir.), Al Pacino, Robert De Niro","9.0","1147592"
"tt0468569","4","The Dark Knight","The Dark Knight (2008)","2008","https://m.media-amazon.com/images/M/MV5BMTMxNTMwODM0NF5BMl5BanBnXkFtZTcwODAyMTk2Mw@@._V1_UX128_CR0,3,128,176_AL_.jpg","Christopher Nolan (dir.), Christian Bale, Heath Ledger","9.0","2343172"
"tt0050083","5","12 Angry Men","12 Angry Men (1957)","1957","https://m.media-amazon.com/images/M/MV5BMWU4N2FjNzYtNTVkNC00NzQ0LTg0MjAtYTJlMjFhNGUxZDFmXkEyXkFqcGdeQXVyNjc1NTYyMjg@._V1_UX128_CR0,3,128,176_AL_.jpg","Sidney Lumet (dir.), Henry Fonda, Lee J. Cobb","8.9","702528"
"tt0108052","6","Schindler's List","Schindler's List (1993)","1993","https://m.media-amazon.com/images/M/MV5BNDE4OTMxMTctNmRhYy00NWE2LTg3YzItYTk3M2UwOTU5Njg4XkEyXkFqcGdeQXVyNjU0OTQ0OTY@._V1_UX128_CR0,3,128,176_AL_.jpg","Steven Spielberg (dir.), Liam Neeson, Ralph Fiennes","8.9","1230452"
"tt0167260","7","The Lord of the Rings: The Return of the King","The Lord of the Rings: The Return of the King (2003)","2003","https://m.media-amazon.com/images/M/MV5BNzA5ZDNlZWMtM2NhNS00NDJjLTk4NDItYTRmY2EwMWZlMTY3XkEyXkFqcGdeQXVyNzkwMjQ5NzM@._V1_UX128_CR0,3,128,176_AL_.jpg","Peter Jackson (dir.), Elijah Wood, Viggo Mortensen","8.9","1665067"
"tt0110912","8","Pulp Fiction","Pulp Fiction (1994)","1994","https://m.media-amazon.com/images/M/MV5BNGNhMDIzZTUtNTBlZi00MTRlLWFjM2ItYzViMjE3YzI5MjljXkEyXkFqcGdeQXVyNzkwMjQ5NzM@._V1_UX128_CR0,3,128,176_AL_.jpg","Quentin Tarantino (dir.), John Travolta, Uma Thurman","8.8","1853609"
"tt0060196","9","The Good, the Bad and the Ugly","The Good, the Bad and the Ugly (1966)","1966","https://m.media-amazon.com/images/M/MV5BOTQ5NDI3MTI4MF5BMl5BanBnXkFtZTgwNDQ4ODE5MDE@._V1_UX128_CR0,3,128,176_AL_.jpg","Sergio Leone (dir.), Clint Eastwood, Eli Wallach","8.8","697484"
"tt0120737","10","The Lord of the Rings: The Fellowship of the Ring","The Lord of the Rings: The Fellowship of the Ring (2001)","2001","https://m.media-amazon.com/images/M/MV5BN2EyZjM3NzUtNWUzMi00MTgxLWI0NTctMzY4M2VlOTdjZWRiXkEyXkFqcGdeQXVyNDUzOTQ5MjY@._V1_UX128_CR0,3,128,176_AL_.jpg","Peter Jackson (dir.), Elijah Wood, Ian McKellen","8.8","1685271"
"tt0137523","11","Fight Club","Fight Club (1999)","1999","https://m.media-amazon.com/images/M/MV5BMmEzNTkxYjQtZTc0MC00YTVjLTg5ZTEtZWMwOWVlYzY0NWIwXkEyXkFqcGdeQXVyNzkwMjQ5NzM@._V1_UX128_CR0,3,128,176_AL_.jpg","David Fincher (dir.), Brad Pitt, Edward Norton","8.8","1882776"
"tt0109830","12","Forrest Gump","Forrest Gump (1994)","1994","https://m.media-amazon.com/images/M/MV5BNWIwODRlZTUtY2U3ZS00Yzg1LWJhNzYtMmZiYmEyNmU1NjMzXkEyXkFqcGdeQXVyMTQxNzMzNDI@._V1_UX128_CR0,3,128,176_AL_.jpg","Robert Zemeckis (dir.), Tom Hanks, Robin Wright","8.8","1840606"
"tt1375666","13","Inception","Inception (2010)","2010","https://m.media-amazon.com/images/M/MV5BMjAxMzY3NjcxNF5BMl5BanBnXkFtZTcwNTI5OTM0Mw@@._V1_UX128_CR0,3,128,176_AL_.jpg","Christopher Nolan (dir.), Leonardo DiCaprio, Joseph Gordon-Levitt","8.7","2101621"
"tt0167261","14","The Lord of the Rings: The Two Towers","The Lord of the Rings: The Two Towers (2002)","2002","https://m.media-amazon.com/images/M/MV5BZGMxZTdjZmYtMmE2Ni00ZTdkLWI5NTgtNjlmMjBiNzU2MmI5XkEyXkFqcGdeQXVyNjU0OTQ0OTY@._V1_UX128_CR0,3,128,176_AL_.jpg","Peter Jackson (dir.), Elijah Wood, Ian McKellen","8.7","1505677"
"tt0080684","15","Star Wars: Episode V - The Empire Strikes Back","Star Wars: Episode V - The Empire Strikes Back (1980)","1980","https://m.media-amazon.com/images/M/MV5BYmU1NDRjNDgtMzhiMi00NjZmLTg5NGItZDNiZjU5NTU4OTE0XkEyXkFqcGdeQXVyNzkwMjQ5NzM@._V1_UX128_CR0,3,128,176_AL_.jpg","Irvin Kershner (dir.), Mark Hamill, Harrison Ford","8.7","1173944"
"tt0133093","16","The Matrix","The Matrix (1999)","1999","https://m.media-amazon.com/images/M/MV5BNzQzOTk3OTAtNDQ0Zi00ZTVkLWI0MTEtMDllZjNkYzNjNTc4L2ltYWdlXkEyXkFqcGdeQXVyNjU0OTQ0OTY@._V1_UX128_CR0,3,128,176_AL_.jpg","Lana Wachowski (dir.), Keanu Reeves, Laurence Fishburne","8.6","1701817"
"tt0099685","17","Goodfellas","Goodfellas (1990)","1990","https://m.media-amazon.com/images/M/MV5BY2NkZjEzMDgtN2RjYy00YzM1LWI4ZmQtMjIwYjFjNmI3ZGEwXkEyXkFqcGdeQXVyNzkwMjQ5NzM@._V1_UX128_CR0,3,128,176_AL_.jpg","Martin Scorsese (dir.), Robert De Niro, Ray Liotta","8.6","1037427"
"tt0073486","18","One Flew Over the Cuckoo's Nest","One Flew Over the Cuckoo's Nest (1975)","1975","https://m.media-amazon.com/images/M/MV5BZjA0OWVhOTAtYWQxNi00YzNhLWI4ZjYtNjFjZTEyYjJlNDVlL2ltYWdlL2ltYWdlXkEyXkFqcGdeQXVyMTQxNzMzNDI@._V1_UX128_CR0,3,128,176_AL_.jpg","Milos Forman (dir.), Jack Nicholson, Louise Fletcher","8.6","929677"
"tt0047478","19","Seven Samurai","Seven Samurai (1954)","1954","https://m.media-amazon.com/images/M/MV5BOWE4ZDdhNmMtNzE5ZC00NzExLTlhNGMtY2ZhYjYzODEzODA1XkEyXkFqcGdeQXVyNTAyODkwOQ@@._V1_UX128_CR0,1,128,176_AL_.jpg","Akira Kurosawa (dir.), Toshir<U+00F4> Mifune, Takashi Shimura","8.6","320044"
"tt0114369","20","Se7en","Se7en (1995)","1995","https://m.media-amazon.com/images/M/MV5BOTUwODM5MTctZjczMi00OTk4LTg3NWUtNmVhMTAzNTNjYjcyXkEyXkFqcGdeQXVyNjU0OTQ0OTY@._V1_UX128_CR0,3,128,176_AL_.jpg","David Fincher (dir.), Morgan Freeman, Brad Pitt","8.6","1469147"
"tt0118799","21","Life Is Beautiful","Life Is Beautiful (1997)","1997","https://m.media-amazon.com/images/M/MV5BYmJmM2Q4NmMtYThmNC00ZjRlLWEyZmItZTIwOTBlZDQ3NTQ1XkEyXkFqcGdeQXVyMTQxNzMzNDI@._V1_UX128_CR0,3,128,176_AL_.jpg","Roberto Benigni (dir.), Roberto Benigni, Nicoletta Braschi","8.6","633647"
"tt0317248","22","City of God","City of God (2002)","2002","https://m.media-amazon.com/images/M/MV5BOTMwYjc5ZmItYTFjZC00ZGQ3LTlkNTMtMjZiNTZlMWQzNzI5XkEyXkFqcGdeQXVyNzkwMjQ5NzM@._V1_UX128_CR0,3,128,176_AL_.jpg","Fernando Meirelles (dir.), Alexandre Rodrigues, Leandro Firmino","8.6","706887"
"tt0102926","23","The Silence of the Lambs","The Silence of the Lambs (1991)","1991","https://m.media-amazon.com/images/M/MV5BNjNhZTk0ZmEtNjJhMi00YzFlLWE1MmEtYzM1M2ZmMGMwMTU4XkEyXkFqcGdeQXVyNjU0OTQ0OTY@._V1_UX128_CR0,3,128,176_AL_.jpg","Jonathan Demme (dir.), Jodie Foster, Anthony Hopkins","8.6","1291496"
"tt0038650","24","It's a Wonderful Life","It's a Wonderful Life (1946)","1946","https://m.media-amazon.com/images/M/MV5BZjc4NDZhZWMtNGEzYS00ZWU2LThlM2ItNTA0YzQ0OTExMTE2XkEyXkFqcGdeQXVyNjUwMzI2NzU@._V1_UX128_CR0,3,128,176_AL_.jpg","Frank Capra (dir.), James Stewart, Donna Reed","8.6","410944"
"tt0120815","25","Saving Private Ryan","Saving Private Ryan (1998)","1998","https://m.media-amazon.com/images/M/MV5BZjhkMDM4MWItZTVjOC00ZDRhLThmYTAtM2I5NzBmNmNlMzI1XkEyXkFqcGdeQXVyNDYyMDk5MTU@._V1_UX128_CR0,3,128,176_AL_.jpg","Steven Spielberg (dir.), Tom Hanks, Matt Damon","8.6","1255245"
"tt0076759","26","Star Wars: Episode IV - A New Hope","Star Wars: Episode IV - A New Hope (1977)","1977","https://m.media-amazon.com/images/M/MV5BNzVlY2MwMjktM2E4OS00Y2Y3LWE3ZjctYzhkZGM3YzA1ZWM2XkEyXkFqcGdeQXVyNzkwMjQ5NzM@._V1_UX128_CR0,3,128,176_AL_.jpg","George Lucas (dir.), Mark Hamill, Harrison Ford","8.6","1245938"
"tt0120689","27","The Green Mile","The Green Mile (1999)","1999","https://m.media-amazon.com/images/M/MV5BMTUxMzQyNjA5MF5BMl5BanBnXkFtZTYwOTU2NTY3._V1_UX128_CR0,3,128,176_AL_.jpg","Frank Darabont (dir.), Tom Hanks, Michael Clarke Duncan","8.5","1167245"
"tt0245429","28","Spirited Away","Spirited Away (2001)","2001","https://m.media-amazon.com/images/M/MV5BMjlmZmI5MDctNDE2YS00YWE0LWE5ZWItZDBhYWQ0NTcxNWRhXkEyXkFqcGdeQXVyMTMxODk2OTU@._V1_UX128_CR0,3,128,176_AL_.jpg","Hayao Miyazaki (dir.), Daveigh Chase, Suzanne Pleshette","8.5","665811"
"tt0816692","29","Interstellar","Interstellar (2014)","2014","https://m.media-amazon.com/images/M/MV5BZjdkOTU3MDktN2IxOS00OGEyLWFmMjktY2FiMmZkNWIyODZiXkEyXkFqcGdeQXVyMTMxODk2OTU@._V1_UX128_CR0,3,128,176_AL_.jpg","Christopher Nolan (dir.), Matthew McConaughey, Anne Hathaway","8.5","1545967"
"tt6751668","30","Parasite","Parasite (2019)","2019","https://m.media-amazon.com/images/M/MV5BYWZjMjk3ZTItODQ2ZC00NTY5LWE0ZDYtZTI3MjcwN2Q5NTVkXkEyXkFqcGdeQXVyODk4OTc3MTY@._V1_UX128_CR0,3,128,176_AL_.jpg","Bong Joon Ho (dir.), Kang-ho Song, Sun-kyun Lee","8.5","593009"
"tt0110413","31","L¨¦on: The Professional","L¨¦on: The Professional (1994)","1994","https://m.media-amazon.com/images/M/MV5BODllNWE0MmEtYjUwZi00ZjY3LThmNmQtZjZlMjI2YTZjYmQ0XkEyXkFqcGdeQXVyNTc1NTQxODI@._V1_UX128_CR0,3,128,176_AL_.jpg","Luc Besson (dir.), Jean Reno, Gary Oldman","8.5","1051048"
"tt0056058","32","Hara-Kiri","Hara-Kiri (1962)","1962","https://m.media-amazon.com/images/M/MV5BYjBmYTQ1NjItZWU5MS00YjI0LTg2OTYtYmFkN2JkMmNiNWVkXkEyXkFqcGdeQXVyMTMxMTY0OTQ@._V1_UY176_CR0,0,128,176_AL_.jpg","Masaki Kobayashi (dir.), Tatsuya Nakadai, Akira Ishihama","8.5","44307"
"tt0110357","33","The Lion King","The Lion King (1994)","1994","https://m.media-amazon.com/images/M/MV5BYTYxNGMyZTYtMjE3MS00MzNjLWFjNmYtMDk3N2FmM2JiM2M1XkEyXkFqcGdeQXVyNjY5NDU4NzI@._V1_UX128_CR0,3,128,176_AL_.jpg","Roger Allers (dir.), Matthew Broderick, Jeremy Irons","8.5","956778"
"tt0114814","34","The Usual Suspects","The Usual Suspects (1995)","1995","https://m.media-amazon.com/images/M/MV5BYTViNjMyNmUtNDFkNC00ZDRlLThmMDUtZDU2YWE4NGI2ZjVmXkEyXkFqcGdeQXVyNjU0OTQ0OTY@._V1_UX128_CR0,3,128,176_AL_.jpg","Bryan Singer (dir.), Kevin Spacey, Gabriel Byrne","8.5","1003443"
"tt0253474","35","The Pianist","The Pianist (2002)","2002","https://m.media-amazon.com/images/M/MV5BOWRiZDIxZjktMTA1NC00MDQ2LWEzMjUtMTliZmY3NjQ3ODJiXkEyXkFqcGdeQXVyNjU0OTQ0OTY@._V1_UY176_CR0,0,128,176_AL_.jpg","Roman Polanski (dir.), Adrien Brody, Thomas Kretschmann","8.5","743980"
"tt0103064","36","Terminator 2: Judgment Day","Terminator 2: Judgment Day (1991)","1991","https://m.media-amazon.com/images/M/MV5BMGU2NzRmZjUtOGUxYS00ZjdjLWEwZWItY2NlM2JhNjkxNTFmXkEyXkFqcGdeQXVyNjU0OTQ0OTY@._V1_UX128_CR0,3,128,176_AL_.jpg","James Cameron (dir.), Arnold Schwarzenegger, Linda Hamilton","8.5","1006815"
"tt0088763","37","Back to the Future","Back to the Future (1985)","1985","https://m.media-amazon.com/images/M/MV5BZmU0M2Y1OGUtZjIxNi00ZjBkLTg1MjgtOWIyNThiZWIwYjRiXkEyXkFqcGdeQXVyMTQxNzMzNDI@._V1_UX128_CR0,3,128,176_AL_.jpg","Robert Zemeckis (dir.), Michael J. Fox, Christopher Lloyd","8.5","1075569"
"tt0120586","38","American History X","American History X (1998)","1998","https://m.media-amazon.com/images/M/MV5BZTJhN2FkYWEtMGI0My00YWM4LWI2MjAtM2UwNjY4MTI2ZTQyXkEyXkFqcGdeQXVyNjc3MjQzNTI@._V1_UX128_CR0,3,128,176_AL_.jpg","Tony Kaye (dir.), Edward Norton, Edward Furlong","8.5","1045950"
"tt0027977","39","Modern Times","Modern Times (1936)","1936","https://m.media-amazon.com/images/M/MV5BYjJiZjMzYzktNjU0NS00OTkxLWEwYzItYzdhYWJjN2QzMTRlL2ltYWdlL2ltYWdlXkEyXkFqcGdeQXVyNjU0OTQ0OTY@._V1_UX128_CR0,3,128,176_AL_.jpg","Charles Chaplin (dir.), Charles Chaplin, Paulette Goddard","8.5","221541"
"tt0172495","40","Gladiator","Gladiator (2000)","2000","https://m.media-amazon.com/images/M/MV5BMDliMmNhNDEtODUyOS00MjNlLTgxODEtN2U3NzIxMGVkZTA1L2ltYWdlXkEyXkFqcGdeQXVyNjU0OTQ0OTY@._V1_UX128_CR0,3,128,176_AL_.jpg","Ridley Scott (dir.), Russell Crowe, Joaquin Phoenix","8.5","1359833"
"tt0054215","41","Psycho","Psycho (1960)","1960","https://m.media-amazon.com/images/M/MV5BNTQwNDM1YzItNDAxZC00NWY2LTk0M2UtNDIwNWI5OGUyNWUxXkEyXkFqcGdeQXVyNzkwMjQ5NzM@._V1_UX128_CR0,3,128,176_AL_.jpg","Alfred Hitchcock (dir.), Anthony Perkins, Janet Leigh","8.5","612822"
"tt0407887","42","The Departed","The Departed (2006)","2006","https://m.media-amazon.com/images/M/MV5BMTI1MTY2OTIxNV5BMl5BanBnXkFtZTYwNjQ4NjY3._V1_UX128_CR0,3,128,176_AL_.jpg","Martin Scorsese (dir.), Leonardo DiCaprio, Matt Damon","8.5","1207223"
"tt0021749","43","City Lights","City Lights (1931)","1931","https://m.media-amazon.com/images/M/MV5BY2I4MmM1N2EtM2YzOS00OWUzLTkzYzctNDc5NDg2N2IyODJmXkEyXkFqcGdeQXVyNzkwMjQ5NzM@._V1_UX128_CR0,3,128,176_AL_.jpg","Charles Chaplin (dir.), Charles Chaplin, Virginia Cherrill","8.5","170343"
"tt2582802","44","Whiplash","Whiplash (2014)","2014","https://m.media-amazon.com/images/M/MV5BOTA5NDZlZGUtMjAxOS00YTRkLTkwYmMtYWQ0NWEwZDZiNjEzXkEyXkFqcGdeQXVyMTMxODk2OTU@._V1_UX128_CR0,3,128,176_AL_.jpg","Damien Chazelle (dir.), Miles Teller, J.K. Simmons","8.5","733216"
"tt1675434","45","The Intouchables","The Intouchables (2011)","2011","https://m.media-amazon.com/images/M/MV5BMTYxNDA3MDQwNl5BMl5BanBnXkFtZTcwNTU4Mzc1Nw@@._V1_UX128_CR0,3,128,176_AL_.jpg","Olivier Nakache (dir.), Fran<U+00E7>ois Cluzet, Omar Sy","8.5","774292"
"tt0095327","46","Grave of the Fireflies","Grave of the Fireflies (1988)","1988","https://m.media-amazon.com/images/M/MV5BZmY2NjUzNDQtNTgxNC00M2Q4LTljOWQtMjNjNDBjNWUxNmJlXkEyXkFqcGdeQXVyNTA4NzY1MzY@._V1_UX128_CR0,3,128,176_AL_.jpg","Isao Takahata (dir.), Tsutomu Tatsumi, Ayano Shiraishi","8.5","240978"
"tt0482571","47","The Prestige","The Prestige (2006)","2006","https://m.media-amazon.com/images/M/MV5BMjA4NDI0MTIxNF5BMl5BanBnXkFtZTYwNTM0MzY2._V1_UX128_CR0,3,128,176_AL_.jpg","Christopher Nolan (dir.), Christian Bale, Hugh Jackman","8.5","1209151"
"tt0064116","48","Once Upon a Time in the West","Once Upon a Time in the West (1968)","1968","https://m.media-amazon.com/images/M/MV5BZGI5MjBmYzYtMzJhZi00NGI1LTk3MzItYjBjMzcxM2U3MDdiXkEyXkFqcGdeQXVyNzkwMjQ5NzM@._V1_UX128_CR0,3,128,176_AL_.jpg","Sergio Leone (dir.), Henry Fonda, Charles Bronson","8.4","306644"
"tt0034583","49","Casablanca","Casablanca (1942)","1942","https://m.media-amazon.com/images/M/MV5BY2IzZGY2YmEtYzljNS00NTM5LTgwMzUtMzM1NjQ4NGI0OTk0XkEyXkFqcGdeQXVyNDYyMDk5MTU@._V1_UX128_CR0,3,128,176_AL_.jpg","Michael Curtiz (dir.), Humphrey Bogart, Ingrid Bergman","8.4","528581"
"tt0095765","50","Cinema Paradiso","Cinema Paradiso (1988)","1988","https://m.media-amazon.com/images/M/MV5BM2FhYjEyYmYtMDI1Yy00YTdlLWI2NWQtYmEzNzAxOGY1NjY2XkEyXkFqcGdeQXVyNTA3NTIyNDg@._V1_UX128_CR0,3,128,176_AL_.jpg","Giuseppe Tornatore (dir.), Philippe Noiret, Enzo Cannavale","8.4","234977"
"tt0047396","51","Rear Window","Rear Window (1954)","1954","https://m.media-amazon.com/images/M/MV5BNGUxYWM3M2MtMGM3Mi00ZmRiLWE0NGQtZjE5ODI2OTJhNTU0XkEyXkFqcGdeQXVyMTQxNzMzNDI@._V1_UX128_CR0,3,128,176_AL_.jpg","Alfred Hitchcock (dir.), James Stewart, Grace Kelly","8.4","449954"
"tt0078748","52","Alien","Alien (1979)","1979","https://m.media-amazon.com/images/M/MV5BMmQ2MmU3NzktZjAxOC00ZDZhLTk4YzEtMDMyMzcxY2IwMDAyXkEyXkFqcGdeQXVyNzkwMjQ5NzM@._V1_UX128_CR0,3,128,176_AL_.jpg","Ridley Scott (dir.), Sigourney Weaver, Tom Skerritt","8.4","799065"
"tt0078788","53","Apocalypse Now","Apocalypse Now (1979)","1979","https://m.media-amazon.com/images/M/MV5BMDdhODg0MjYtYzBiOS00ZmI5LWEwZGYtZDEyNDU4MmQyNzFkXkEyXkFqcGdeQXVyNzkwMjQ5NzM@._V1_UX128_CR0,3,128,176_AL_.jpg","Francis Ford Coppola (dir.), Martin Sheen, Marlon Brando","8.4","614863"
"tt0209144","54","Memento","Memento (2000)","2000","https://m.media-amazon.com/images/M/MV5BZTcyNjk1MjgtOWI3Mi00YzQwLWI5MTktMzY4ZmI2NDAyNzYzXkEyXkFqcGdeQXVyNjU0OTQ0OTY@._V1_UX128_CR0,3,128,176_AL_.jpg","Christopher Nolan (dir.), Guy Pearce, Carrie-Anne Moss","8.4","1139995"
"tt0032553","55","The Great Dictator","The Great Dictator (1940)","1940","https://m.media-amazon.com/images/M/MV5BMmExYWJjNTktNGUyZS00ODhmLTkxYzAtNWIzOGEyMGNiMmUwXkEyXkFqcGdeQXVyNjU0OTQ0OTY@._V1_UX128_CR0,3,128,176_AL_.jpg","Charles Chaplin (dir.), Charles Chaplin, Paulette Goddard","8.4","206002"
"tt0082971","56","Indiana Jones and the Raiders of the Lost Ark","Indiana Jones and the Raiders of the Lost Ark (1981)","1981","https://m.media-amazon.com/images/M/MV5BMjA0ODEzMTc1Nl5BMl5BanBnXkFtZTcwODM2MjAxNA@@._V1_UX128_CR0,3,128,176_AL_.jpg","Steven Spielberg (dir.), Harrison Ford, Karen Allen","8.4","893864"
"tt1853728","57","Django Unchained","Django Unchained (2012)","2012","https://m.media-amazon.com/images/M/MV5BMjIyNTQ5NjQ1OV5BMl5BanBnXkFtZTcwODg1MDU4OA@@._V1_UX128_CR0,3,128,176_AL_.jpg","Quentin Tarantino (dir.), Jamie Foxx, Christoph Waltz","8.4","1381215"
"tt0405094","58","The Lives of Others","The Lives of Others (2006)","2006","https://m.media-amazon.com/images/M/MV5BOThkM2EzYmMtNDE3NS00NjlhLTg4YzktYTdhNzgyOWY3ZDYzXkEyXkFqcGdeQXVyNzQzNzQxNzI@._V1_UX128_CR0,1,128,176_AL_.jpg","Florian Henckel von Donnersmarck (dir.), Ulrich M¨¹he, Martina Gedeck","8.4","363796"
"tt0050825","59","Paths of Glory","Paths of Glory (1957)","1957","https://m.media-amazon.com/images/M/MV5BNjViMmRkOTEtM2ViOS00ODg0LWJhYWEtNTBlOGQxNDczOGY3XkEyXkFqcGdeQXVyMDI2NDg0NQ@@._V1_UX128_CR0,1,128,176_AL_.jpg","Stanley Kubrick (dir.), Kirk Douglas, Ralph Meeker","8.4","181157"
"tt8503618","60","Hamilton","Hamilton (2020)","2020","https://m.media-amazon.com/images/M/MV5BNjViNWRjYWEtZTI0NC00N2E3LTk0NGQtMjY4NTM3OGNkZjY0XkEyXkFqcGdeQXVyMjUxMTY3ODM@._V1_UX128_CR0,3,128,176_AL_.jpg","Thomas Kail (dir.), Lin-Manuel Miranda, Phillipa Soo","8.4","62554"
"tt0910970","61","WALL¡¤E","WALL¡¤E (2008)","2008","https://m.media-amazon.com/images/M/MV5BMjExMTg5OTU0NF5BMl5BanBnXkFtZTcwMjMxMzMzMw@@._V1_UX128_CR0,3,128,176_AL_.jpg","Andrew Stanton (dir.), Ben Burtt, Elissa Knight","8.4","1014229"
"tt7286456","62","Joker","Joker (2019)","2019","https://m.media-amazon.com/images/M/MV5BNGVjNWI4ZGUtNzE0MS00YTJmLWE0ZDctN2ZiYTk2YmI3NTYyXkEyXkFqcGdeQXVyMTkxNjUyNQ@@._V1_UX128_CR0,3,128,176_AL_.jpg","Todd Phillips (dir.), Joaquin Phoenix, Robert De Niro","8.4","983668"
"tt0081505","63","The Shining","The Shining (1980)","1980","https://m.media-amazon.com/images/M/MV5BZWFlYmY2MGEtZjVkYS00YzU4LTg0YjQtYzY1ZGE3NTA5NGQxXkEyXkFqcGdeQXVyMTQxNzMzNDI@._V1_UX128_CR0,3,128,176_AL_.jpg","Stanley Kubrick (dir.), Jack Nicholson, Shelley Duvall","8.4","912553"
"tt4154756","64","Avengers: Infinity War","Avengers: Infinity War (2018)","2018","https://m.media-amazon.com/images/M/MV5BMjMxNjY2MDU1OV5BMl5BanBnXkFtZTgwNzY1MTUwNTM@._V1_UX128_CR0,3,128,176_AL_.jpg","Anthony Russo (dir.), Robert Downey Jr., Chris Hemsworth","8.4","866999"
"tt0043014","65","Sunset Blvd.","Sunset Blvd. (1950)","1950","https://m.media-amazon.com/images/M/MV5BMTU0NTkyNzYwMF5BMl5BanBnXkFtZTgwMDU0NDk5MTI@._V1_UX128_CR0,3,128,176_AL_.jpg","Billy Wilder (dir.), William Holden, Gloria Swanson","8.4","204497"
"tt0051201","66","Witness for the Prosecution","Witness for the Prosecution (1957)","1957","https://m.media-amazon.com/images/M/MV5BNDQwODU5OWYtNDcyNi00MDQ1LThiOGMtZDkwNWJiM2Y3MDg0XkEyXkFqcGdeQXVyMDI2NDg0NQ@@._V1_UX128_CR0,3,128,176_AL_.jpg","Billy Wilder (dir.), Tyrone Power, Marlene Dietrich","8.4","111185"
"tt4633694","67","Spider-Man: Into the Spider-Verse","Spider-Man: Into the Spider-Verse (2018)","2018","https://m.media-amazon.com/images/M/MV5BMjMwNDkxMTgzOF5BMl5BanBnXkFtZTgwNTkwNTQ3NjM@._V1_UX128_CR0,3,128,176_AL_.jpg","Bob Persichetti (dir.), Shameik Moore, Jake Johnson","8.3","393550"
"tt0364569","68","Oldboy","Oldboy (2003)","2003","https://m.media-amazon.com/images/M/MV5BMTI3NTQyMzU5M15BMl5BanBnXkFtZTcwMTM2MjgyMQ@@._V1_UX128_CR0,3,128,176_AL_.jpg","Chan-wook Park (dir.), Choi Min-sik, Yoo Ji-Tae","8.3","524015"
"tt0119698","69","Princess Mononoke","Princess Mononoke (1997)","1997","https://m.media-amazon.com/images/M/MV5BNGIzY2IzODQtNThmMi00ZDE4LWI5YzAtNzNlZTM1ZjYyYjUyXkEyXkFqcGdeQXVyODEzNjM5OTQ@._V1_UX128_CR0,3,128,176_AL_.jpg","Hayao Miyazaki (dir.), Y<U+00F4>ji Matsuda, Yuriko Ishida","8.3","350334"
"tt0057012","70","Dr. Strangelove or: How I Learned to Stop Worrying and Love the Bomb","Dr. Strangelove or: How I Learned to Stop Worrying and Love the Bomb (1964)","1964","https://m.media-amazon.com/images/M/MV5BZWI3ZTMxNjctMjdlNS00NmUwLWFiM2YtZDUyY2I3N2MxYTE0XkEyXkFqcGdeQXVyNzkwMjQ5NzM@._V1_UX128_CR0,3,128,176_AL_.jpg","Stanley Kubrick (dir.), Peter Sellers, George C. Scott","8.3","455761"
"tt1345836","71","The Dark Knight Rises","The Dark Knight Rises (2012)","2012","https://m.media-amazon.com/images/M/MV5BMTk4ODQzNDY3Ml5BMl5BanBnXkFtZTcwODA0NTM4Nw@@._V1_UX128_CR0,3,128,176_AL_.jpg","Christopher Nolan (dir.), Christian Bale, Tom Hardy","8.3","1537667"
"tt0087843","72","Once Upon a Time in America","Once Upon a Time in America (1984)","1984","https://m.media-amazon.com/images/M/MV5BMGFkNWI4MTMtNGQ0OC00MWVmLTk3MTktOGYxN2Y2YWVkZWE2XkEyXkFqcGdeQXVyNjU0OTQ0OTY@._V1_UX128_CR0,3,128,176_AL_.jpg","Sergio Leone (dir.), Robert De Niro, James Woods","8.3","316667"
"tt5311514","73","Your Name.","Your Name. (2016)","2016","https://m.media-amazon.com/images/M/MV5BODRmZDVmNzUtZDA4ZC00NjhkLWI2M2UtN2M0ZDIzNDcxYThjL2ltYWdlXkEyXkFqcGdeQXVyNTk0MzMzODA@._V1_UX128_CR0,3,128,176_AL_.jpg","Makoto Shinkai (dir.), Ry<U+00FB>nosuke Kamiki, Mone Kamishiraishi","8.3","205105"
"tt0090605","74","Aliens","Aliens (1986)","1986","https://m.media-amazon.com/images/M/MV5BZGU2OGY5ZTYtMWNhYy00NjZiLWI0NjUtZmNhY2JhNDRmODU3XkEyXkFqcGdeQXVyNzkwMjQ5NzM@._V1_UX128_CR0,3,128,176_AL_.jpg","James Cameron (dir.), Sigourney Weaver, Michael Biehn","8.3","660232"
"tt2380307","75","Coco","Coco (2017)","2017","https://m.media-amazon.com/images/M/MV5BYjQ5NjM0Y2YtNjZkNC00ZDhkLWJjMWItN2QyNzFkMDE3ZjAxXkEyXkFqcGdeQXVyODIxMzk5NjA@._V1_UX128_CR0,1,128,176_AL_.jpg","Lee Unkrich (dir.), Anthony Gonzalez, Gael Garc¨ªa Bernal","8.3","400252"
"tt4154796","76","Avengers: Endgame","Avengers: Endgame (2019)","2019","https://m.media-amazon.com/images/M/MV5BMTc5MDE2ODcwNV5BMl5BanBnXkFtZTgwMzI2NzQ2NzM@._V1_UX128_CR0,3,128,176_AL_.jpg","Anthony Russo (dir.), Robert Downey Jr., Chris Evans","8.3","858821"
"tt8267604","77","Capernaum","Capernaum (2018)","2018","https://m.media-amazon.com/images/M/MV5BMmExNzU2ZWMtYzUwYi00YmM2LTkxZTQtNmVhNjY0NTMyMWI2XkEyXkFqcGdeQXVyMTMxODk2OTU@._V1_UX128_CR0,3,128,176_AL_.jpg","Nadine Labaki (dir.), Zain Al Rafeea, Yordanos Shiferaw","8.3","67349"
"tt0169547","78","American Beauty","American Beauty (1999)","1999","https://m.media-amazon.com/images/M/MV5BNTBmZWJkNjctNDhiNC00MGE2LWEwOTctZTk5OGVhMWMyNmVhXkEyXkFqcGdeQXVyMTMxODk2OTU@._V1_UX128_CR0,3,128,176_AL_.jpg","Sam Mendes (dir.), Kevin Spacey, Annette Bening","8.3","1081134"
"tt0112573","79","Braveheart","Braveheart (1995)","1995","https://m.media-amazon.com/images/M/MV5BMzkzMmU0YTYtOWM3My00YzBmLWI0YzctOGYyNTkwMWE5MTJkXkEyXkFqcGdeQXVyNzkwMjQ5NzM@._V1_UX128_CR0,3,128,176_AL_.jpg","Mel Gibson (dir.), Mel Gibson, Sophie Marceau","8.3","969506"
"tt0057565","80","High and Low","High and Low (1963)","1963","https://m.media-amazon.com/images/M/MV5BOTI4NTNhZDMtMWNkZi00MTRmLWJmZDQtMmJkMGVmZTEzODlhXkEyXkFqcGdeQXVyNjc1NTYyMjg@._V1_UX128_CR0,3,128,176_AL_.jpg","Akira Kurosawa (dir.), Toshir<U+00F4> Mifune, Yutaka Sada","8.3","36090"
"tt0114709","81","Toy Story","Toy Story (1995)","1995","https://m.media-amazon.com/images/M/MV5BMDU2ZWJlMjktMTRhMy00ZTA5LWEzNDgtYmNmZTEwZTViZWJkXkEyXkFqcGdeQXVyNDQ2OTk4MzI@._V1_UX128_CR0,3,128,176_AL_.jpg","John Lasseter (dir.), Tom Hanks, Tim Allen","8.3","900356"
"tt0082096","82","Das Boot","Das Boot (1981)","1981","https://m.media-amazon.com/images/M/MV5BOGZhZDIzNWMtNjkxMS00MDQ1LThkMTYtZWQzYWU3MWMxMGU5XkEyXkFqcGdeQXVyNjc1NTYyMjg@._V1_UX128_CR0,3,128,176_AL_.jpg","Wolfgang Petersen (dir.), J¨¹rgen Prochnow, Herbert Gr<U+00F6>nemeyer","8.3","234719"
"tt1187043","83","3 Idiots","3 Idiots (2009)","2009","https://m.media-amazon.com/images/M/MV5BNTkyOGVjMGEtNmQzZi00NzFlLTlhOWQtODYyMDc2ZGJmYzFhXkEyXkFqcGdeQXVyNjU0OTQ0OTY@._V1_UX128_CR0,1,128,176_AL_.jpg","Rajkumar Hirani (dir.), Aamir Khan, Madhavan","8.3","350886"
"tt0086879","84","Amadeus","Amadeus (1984)","1984","https://m.media-amazon.com/images/M/MV5BNWJlNzUzNGMtYTAwMS00ZjI2LWFmNWQtODcxNWUxODA5YmU1XkEyXkFqcGdeQXVyNTIzOTk5ODM@._V1_UX128_CR0,3,128,176_AL_.jpg","Milos Forman (dir.), F. Murray Abraham, Tom Hulce","8.3","373491"
"tt0361748","85","Inglourious Basterds","Inglourious Basterds (2009)","2009","https://m.media-amazon.com/images/M/MV5BOTJiNDEzOWYtMTVjOC00ZjlmLWE0NGMtZmE1OWVmZDQ2OWJhXkEyXkFqcGdeQXVyNTIzOTk5ODM@._V1_UX128_CR0,3,128,176_AL_.jpg","Quentin Tarantino (dir.), Brad Pitt, Diane Kruger","8.3","1290308"
"tt0119217","86","Good Will Hunting","Good Will Hunting (1997)","1997","https://m.media-amazon.com/images/M/MV5BOTI0MzcxMTYtZDVkMy00NjY1LTgyMTYtZmUxN2M3NmQ2NWJhXkEyXkFqcGdeQXVyMTQxNzMzNDI@._V1_UX128_CR0,3,128,176_AL_.jpg","Gus Van Sant (dir.), Robin Williams, Matt Damon","8.3","875079"
"tt0086190","87","Star Wars: Episode VI - Return of the Jedi","Star Wars: Episode VI - Return of the Jedi (1983)","1983","https://m.media-amazon.com/images/M/MV5BOWZlMjFiYzgtMTUzNC00Y2IzLTk1NTMtZmNhMTczNTk0ODk1XkEyXkFqcGdeQXVyNTAyODkwOQ@@._V1_UX128_CR0,3,128,176_AL_.jpg","Richard Marquand (dir.), Mark Hamill, Harrison Ford","8.3","962212"
"tt0986264","88","Like Stars on Earth","Like Stars on Earth (2007)","2007","https://m.media-amazon.com/images/M/MV5BMDhjZWViN2MtNzgxOS00NmI4LThiZDQtZDI3MzM4MDE4NTc0XkEyXkFqcGdeQXVyMTMxODk2OTU@._V1_UX128_CR0,1,128,176_AL_.jpg","Aamir Khan (dir.), Darsheel Safary, Aamir Khan","8.3","172780"
"tt0105236","89","Reservoir Dogs","Reservoir Dogs (1992)","1992","https://m.media-amazon.com/images/M/MV5BZmExNmEwYWItYmQzOS00YjA5LTk2MjktZjEyZDE1Y2QxNjA1XkEyXkFqcGdeQXVyMTQxNzMzNDI@._V1_UX128_CR0,3,128,176_AL_.jpg","Quentin Tarantino (dir.), Harvey Keitel, Tim Roth","8.3","931484"
"tt0062622","90","2001: A Space Odyssey","2001: A Space Odyssey (1968)","1968","https://m.media-amazon.com/images/M/MV5BMmNlYzRiNDctZWNhMi00MzI4LThkZTctMTUzMmZkMmFmNThmXkEyXkFqcGdeQXVyNzkwMjQ5NzM@._V1_UX128_CR0,3,128,176_AL_.jpg","Stanley Kubrick (dir.), Keir Dullea, Gary Lockwood","8.3","611798"
"tt0180093","91","Requiem for a Dream","Requiem for a Dream (2000)","2000","https://m.media-amazon.com/images/M/MV5BOTdiNzJlOWUtNWMwNS00NmFlLWI0YTEtZmI3YjIzZWUyY2Y3XkEyXkFqcGdeQXVyNjU0OTQ0OTY@._V1_UX128_CR0,3,128,176_AL_.jpg","Darren Aronofsky (dir.), Ellen Burstyn, Jared Leto","8.3","777002"
"tt2106476","92","The Hunt","The Hunt (2012)","2012","https://m.media-amazon.com/images/M/MV5BMTg2NDg3ODg4NF5BMl5BanBnXkFtZTcwNzk3NTc3Nw@@._V1_UX128_CR0,1,128,176_AL_.jpg","Thomas Vinterberg (dir.), Mads Mikkelsen, Thomas Bo Larsen","8.3","289473"
"tt0052357","93","Vertigo","Vertigo (1958)","1958","https://m.media-amazon.com/images/M/MV5BYTE4ODEwZDUtNDFjOC00NjAxLWEzYTQtYTI1NGVmZmFlNjdiL2ltYWdlL2ltYWdlXkEyXkFqcGdeQXVyNjc1NTYyMjg@._V1_UX128_CR0,3,128,176_AL_.jpg","Alfred Hitchcock (dir.), James Stewart, Kim Novak","8.3","369682"
"tt0022100","94","M","M (1931)","1931","https://m.media-amazon.com/images/M/MV5BODA4ODk3OTEzMF5BMl5BanBnXkFtZTgwMTQ2ODMwMzE@._V1_UX128_CR0,3,128,176_AL_.jpg","Fritz Lang (dir.), Peter Lorre, Ellen Widmann","8.3","145672"
"tt0338013","95","Eternal Sunshine of the Spotless Mind","Eternal Sunshine of the Spotless Mind (2004)","2004","https://m.media-amazon.com/images/M/MV5BMTY4NzcwODg3Nl5BMl5BanBnXkFtZTcwNTEwOTMyMw@@._V1_UX128_CR0,3,128,176_AL_.jpg","Michel Gondry (dir.), Jim Carrey, Kate Winslet","8.3","923167"
"tt0033467","96","Citizen Kane","Citizen Kane (1941)","1941","https://m.media-amazon.com/images/M/MV5BYjBiOTYxZWItMzdiZi00NjlkLWIzZTYtYmFhZjhiMTljOTdkXkEyXkFqcGdeQXVyNzkwMjQ5NzM@._V1_UX128_CR0,3,128,176_AL_.jpg","Orson Welles (dir.), Orson Welles, Joseph Cotten","8.3","410152"
"tt5074352","97","Dangal","Dangal (2016)","2016","https://m.media-amazon.com/images/M/MV5BMTQ4MzQzMzM2Nl5BMl5BanBnXkFtZTgwMTQ1NzU3MDI@._V1_UX128_CR0,1,128,176_AL_.jpg","Nitesh Tiwari (dir.), Aamir Khan, Sakshi Tanwar","8.3","160954"
"tt0091251","98","Come and See","Come and See (1985)","1985","https://m.media-amazon.com/images/M/MV5BODM4Njg0NTAtYjI5Ny00ZjAxLTkwNmItZTMxMWU5M2U3M2RjXkEyXkFqcGdeQXVyNzkwMjQ5NzM@._V1_UX128_CR0,3,128,176_AL_.jpg","Elem Klimov (dir.), Aleksey Kravchenko, Olga Mironova","8.2","61768"
"tt0045152","99","Singin' in the Rain","Singin' in the Rain (1952)","1952","https://m.media-amazon.com/images/M/MV5BZDRjNGViMjQtOThlMi00MTA3LThkYzQtNzJkYjBkMGE0YzE1XkEyXkFqcGdeQXVyNDYyMDk5MTU@._V1_UX128_CR0,3,128,176_AL_.jpg","Stanley Donen (dir.), Gene Kelly, Donald O'Connor","8.2","222131"
"tt0012349","100","The Kid","The Kid (1921)","1921","https://m.media-amazon.com/images/M/MV5BZjhhMThhNDItNTY2MC00MmU1LTliNDEtNDdhZjdlNTY5ZDQ1XkEyXkFqcGdeQXVyNjc1NTYyMjg@._V1_UX128_CR0,3,128,176_AL_.jpg","Charles Chaplin (dir.), Charles Chaplin, Edna Purviance","8.2","115646"
"tt0040522","101","Bicycle Thieves","Bicycle Thieves (1948)","1948","https://m.media-amazon.com/images/M/MV5BNmI1ODdjODctMDlmMC00ZWViLWI5MzYtYzRhNDdjYmM3MzFjXkEyXkFqcGdeQXVyMTMxODk2OTU@._V1_UX128_CR0,3,128,176_AL_.jpg","Vittorio De Sica (dir.), Lamberto Maggiorani, Enzo Staiola","8.2","149163"
"tt0093058","102","Full Metal Jacket","Full Metal Jacket (1987)","1987","https://m.media-amazon.com/images/M/MV5BNzkxODk0NjEtYjc4Mi00ZDI0LTgyYjEtYzc1NDkxY2YzYTgyXkEyXkFqcGdeQXVyNzkwMjQ5NzM@._V1_UX128_CR0,3,128,176_AL_.jpg","Stanley Kubrick (dir.), Matthew Modine, R. Lee Ermey","8.2","683579"
"tt0044741","103","Ikiru","Ikiru (1952)","1952","https://m.media-amazon.com/images/M/MV5BZmM0NGY3Y2MtMTA1YS00YmQzLTk2YTctYWFhMDkzMDRjZWQzXkEyXkFqcGdeQXVyNTA4NzY1MzY@._V1_UX128_CR0,3,128,176_AL_.jpg","Akira Kurosawa (dir.), Takashi Shimura, Nobuo Kaneko","8.2","70088"
"tt0208092","104","Snatch","Snatch (2000)","2000","https://m.media-amazon.com/images/M/MV5BMTA2NDYxOGYtYjU1Mi00Y2QzLTgxMTQtMWI1MGI0ZGQ5MmU4XkEyXkFqcGdeQXVyNDk3NzU2MTQ@._V1_UX128_CR0,3,128,176_AL_.jpg","Guy Ritchie (dir.), Jason Statham, Brad Pitt","8.2","791271"
"tt0053125","105","North by Northwest","North by Northwest (1959)","1959","https://m.media-amazon.com/images/M/MV5BZDA3NDExMTUtMDlhOC00MmQ5LWExZGUtYmI1NGVlZWI4OWNiXkEyXkFqcGdeQXVyNjc1NTYyMjg@._V1_UX128_CR0,3,128,176_AL_.jpg","Alfred Hitchcock (dir.), Cary Grant, Eva Marie Saint","8.2","302814"
"tt0086250","106","Scarface","Scarface (1983)","1983","https://m.media-amazon.com/images/M/MV5BNjdjNGQ4NDEtNTEwYS00MTgxLTliYzQtYzE2ZDRiZjFhZmNlXkEyXkFqcGdeQXVyNjU0OTQ0OTY@._V1_UX128_CR0,3,128,176_AL_.jpg","Brian De Palma (dir.), Al Pacino, Michelle Pfeiffer","8.2","753737"
"tt0066921","107","A Clockwork Orange","A Clockwork Orange (1971)","1971","https://m.media-amazon.com/images/M/MV5BMTY3MjM1Mzc4N15BMl5BanBnXkFtZTgwODM0NzAxMDE@._V1_UX128_CR0,3,128,176_AL_.jpg","Stanley Kubrick (dir.), Malcolm McDowell, Patrick Magee","8.2","766972"
"tt8579674","108","1917","1917 (2019)","2019","https://m.media-amazon.com/images/M/MV5BOTdmNTFjNDEtNzg0My00ZjkxLTg1ZDAtZTdkMDc2ZmFiNWQ1XkEyXkFqcGdeQXVyNTAzNzgwNTg@._V1_UX128_CR0,3,128,176_AL_.jpg","Sam Mendes (dir.), Dean-Charles Chapman, George MacKay","8.2","452685"
"tt1255953","109","Incendies","Incendies (2010)","2010","https://m.media-amazon.com/images/M/MV5BMWE3MGYzZjktY2Q5Mi00Y2NiLWIyYWUtMmIyNzA3YmZlMGFhXkEyXkFqcGdeQXVyMTMxODk2OTU@._V1_UX128_CR0,3,128,176_AL_.jpg","Denis Villeneuve (dir.), Lubna Azabal, M¨¦lissa D¨¦sormeaux-Poulin","8.2","154081"
"tt0075314","110","Taxi Driver","Taxi Driver (1976)","1976","https://m.media-amazon.com/images/M/MV5BM2M1MmVhNDgtNmI0YS00ZDNmLTkyNjctNTJiYTQ2N2NmYzc2XkEyXkFqcGdeQXVyNzkwMjQ5NzM@._V1_UX128_CR0,3,128,176_AL_.jpg","Martin Scorsese (dir.), Robert De Niro, Jodie Foster","8.2","737185"
"tt1832382","111","A Separation","A Separation (2011)","2011","https://m.media-amazon.com/images/M/MV5BN2JmMjViMjMtZTM5Mi00ZGZkLTk5YzctZDg5MjFjZDE4NjNkXkEyXkFqcGdeQXVyMTMxODk2OTU@._V1_UX128_CR0,3,128,176_AL_.jpg","Asghar Farhadi (dir.), Payman Maadi, Leila Hatami","8.2","223880"
"tt0435761","112","Toy Story 3","Toy Story 3 (2010)","2010","https://m.media-amazon.com/images/M/MV5BMTgxOTY4Mjc0MF5BMl5BanBnXkFtZTcwNTA4MDQyMw@@._V1_UX128_CR0,1,128,176_AL_.jpg","Lee Unkrich (dir.), Tom Hanks, Tim Allen","8.2","766635"
"tt0070735","113","The Sting","The Sting (1973)","1973","https://m.media-amazon.com/images/M/MV5BNGU3NjQ4YTMtZGJjOS00YTQ3LThmNmItMTI5MDE2ODI3NzY3XkEyXkFqcGdeQXVyMjUzOTY1NTc@._V1_UX128_CR0,3,128,176_AL_.jpg","George Roy Hill (dir.), Paul Newman, Robert Redford","8.2","244386"
"tt0056172","114","Lawrence of Arabia","Lawrence of Arabia (1962)","1962","https://m.media-amazon.com/images/M/MV5BYWY5ZjhjNGYtZmI2Ny00ODM0LWFkNzgtZmI1YzA2N2MxMzA0XkEyXkFqcGdeQXVyNjUwNzk3NDc@._V1_UX128_CR0,3,128,176_AL_.jpg","David Lean (dir.), Peter O'Toole, Alec Guinness","8.2","271564"
"tt0211915","115","Am¨¦lie","Am¨¦lie (2001)","2001","https://m.media-amazon.com/images/M/MV5BNDg4NjM1YjMtYmNhZC00MjM0LWFiZmYtNGY1YjA3MzZmODc5XkEyXkFqcGdeQXVyNDk3NzU2MTQ@._V1_UX128_CR0,3,128,176_AL_.jpg","Jean-Pierre Jeunet (dir.), Audrey Tautou, Mathieu Kassovitz","8.2","711216"
"tt0017136","116","Metropolis","Metropolis (1927)","1927","https://m.media-amazon.com/images/M/MV5BMTg5YWIyMWUtZDY5My00Zjc1LTljOTctYmI0MWRmY2M2NmRkXkEyXkFqcGdeQXVyMTMxODk2OTU@._V1_UX128_CR0,3,128,176_AL_.jpg","Fritz Lang (dir.), Brigitte Helm, Alfred Abel","8.2","162165"
"tt0053604","117","The Apartment","The Apartment (1960)","1960","https://m.media-amazon.com/images/M/MV5BNzkwODFjNzItMmMwNi00MTU5LWE2MzktM2M4ZDczZGM1MmViXkEyXkFqcGdeQXVyNDY2MTk1ODk@._V1_UX128_CR0,3,128,176_AL_.jpg","Billy Wilder (dir.), Jack Lemmon, Shirley MacLaine","8.2","166925"
"tt0059578","118","For a Few Dollars More","For a Few Dollars More (1965)","1965","https://m.media-amazon.com/images/M/MV5BNWM1NmYyM2ItMTFhNy00NDU0LThlYWUtYjQyYTJmOTY0ZmM0XkEyXkFqcGdeQXVyNjU0OTQ0OTY@._V1_UX128_CR0,3,128,176_AL_.jpg","Sergio Leone (dir.), Clint Eastwood, Lee Van Cleef","8.2","235953"
"tt0036775","119","Double Indemnity","Double Indemnity (1944)","1944","https://m.media-amazon.com/images/M/MV5BOTdlNjgyZGUtOTczYi00MDdhLTljZmMtYTEwZmRiOWFkYjRhXkEyXkFqcGdeQXVyNDY2MTk1ODk@._V1_UX128_CR0,3,128,176_AL_.jpg","Billy Wilder (dir.), Fred MacMurray, Barbara Stanwyck","8.2","145629"
"tt0056592","120","To Kill a Mockingbird","To Kill a Mockingbird (1962)","1962","https://m.media-amazon.com/images/M/MV5BNmVmYzcwNzMtMWM1NS00MWIyLThlMDEtYzUwZDgzODE1NmE2XkEyXkFqcGdeQXVyNzkwMjQ5NzM@._V1_UX128_CR0,3,128,176_AL_.jpg","Robert Mulligan (dir.), Gregory Peck, John Megna","8.2","296683"
"tt1049413","121","Up","Up (2009)","2009","https://m.media-amazon.com/images/M/MV5BMTk3NDE2NzI4NF5BMl5BanBnXkFtZTgwNzE1MzEyMTE@._V1_UX128_CR0,3,128,176_AL_.jpg","Pete Docter (dir.), Edward Asner, Jordan Nagai","8.2","948895"
"tt0097576","122","Indiana Jones and the Last Crusade","Indiana Jones and the Last Crusade (1989)","1989","https://m.media-amazon.com/images/M/MV5BMjNkMzc2N2QtNjVlNS00ZTk5LTg0MTgtODY2MDAwNTMwZjBjXkEyXkFqcGdeQXVyNDk3NzU2MTQ@._V1_UX128_CR0,3,128,176_AL_.jpg","Steven Spielberg (dir.), Harrison Ford, Sean Connery","8.2","699563"
"tt0113277","123","Heat","Heat (1995)","1995","https://m.media-amazon.com/images/M/MV5BNGMwNzUwNjYtZWM5NS00YzMyLWI4NjAtNjM0ZDBiMzE1YWExXkEyXkFqcGdeQXVyNDk3NzU2MTQ@._V1_UX128_CR0,3,128,176_AL_.jpg","Michael Mann (dir.), Al Pacino, Robert De Niro","8.2","586808"
"tt0119488","124","L.A. Confidential","L.A. Confidential (1997)","1997","https://m.media-amazon.com/images/M/MV5BMDQ2YzEyZGItYWRhOS00MjBmLTkzMDUtMTdjYzkyMmQxZTJlXkEyXkFqcGdeQXVyNjU0OTQ0OTY@._V1_UX128_CR0,3,128,176_AL_.jpg","Curtis Hanson (dir.), Kevin Spacey, Russell Crowe","8.2","538346"
"tt6966692","125","Green Book","Green Book (2018)","2018","https://m.media-amazon.com/images/M/MV5BYzIzYmJlYTYtNGNiYy00N2EwLTk4ZjItMGYyZTJiOTVkM2RlXkEyXkFqcGdeQXVyODY1NDk1NjE@._V1_UX128_CR0,3,128,176_AL_.jpg","Peter Farrelly (dir.), Viggo Mortensen, Mahershala Ali","8.2","397896"
"tt0095016","126","Die Hard","Die Hard (1988)","1988","https://m.media-amazon.com/images/M/MV5BZjRlNDUxZjAtOGQ4OC00OTNlLTgxNmQtYTBmMDgwZmNmNjkxXkEyXkFqcGdeQXVyNzkwMjQ5NzM@._V1_UX128_CR0,3,128,176_AL_.jpg","John McTiernan (dir.), Bruce Willis, Alan Rickman","8.2","801614"
"tt0372784","127","Batman Begins","Batman Begins (2005)","2005","https://m.media-amazon.com/images/M/MV5BOTY4YjI2N2MtYmFlMC00ZjcyLTg3YjEtMDQyM2ZjYzQ5YWFkXkEyXkFqcGdeQXVyMTQxNzMzNDI@._V1_UX128_CR0,3,128,176_AL_.jpg","Christopher Nolan (dir.), Christian Bale, Michael Caine","8.2","1326436"
"tt0055630","128","Yojimbo","Yojimbo (1961)","1961","https://m.media-amazon.com/images/M/MV5BZThiZjAzZjgtNDU3MC00YThhLThjYWUtZGRkYjc2ZWZlOTVjXkEyXkFqcGdeQXVyNTA4NzY1MzY@._V1_UX128_CR0,3,128,176_AL_.jpg","Akira Kurosawa (dir.), Toshir<U+00F4> Mifune, Eijir<U+00F4> T<U+00F4>no","8.2","113118"
"tt0071853","129","Monty Python and the Holy Grail","Monty Python and the Holy Grail (1975)","1975","https://m.media-amazon.com/images/M/MV5BN2IyNTE4YzUtZWU0Mi00MGIwLTgyMmQtMzQ4YzQxYWNlYWE2XkEyXkFqcGdeQXVyNjU0OTQ0OTY@._V1_UX128_CR0,3,128,176_AL_.jpg","Terry Gilliam (dir.), Graham Chapman, John Cleese","8.2","505872"
"tt0042876","130","Rashomon","Rashomon (1950)","1950","https://m.media-amazon.com/images/M/MV5BMjEzMzA4NDE2OF5BMl5BanBnXkFtZTcwNTc5MDI2NQ@@._V1_UX128_CR0,3,128,176_AL_.jpg","Akira Kurosawa (dir.), Toshir<U+00F4> Mifune, Machiko Ky<U+00F4>","8.2","155029"
"tt0363163","131","Downfall","Downfall (2004)","2004","https://m.media-amazon.com/images/M/MV5BMTU0NTU5NTAyMl5BMl5BanBnXkFtZTYwNzYwMDg2._V1_UX128_CR0,3,128,176_AL_.jpg","Oliver Hirschbiegel (dir.), Bruno Ganz, Alexandra Maria Lara","8.2","334990"
"tt10272386","132","The Father","The Father (2020)","2020","https://m.media-amazon.com/images/M/MV5BZGJhNWRiOWQtMjI4OS00ZjcxLTgwMTAtMzQ2ODkxY2JkOTVlXkEyXkFqcGdeQXVyMTkxNjUyNQ@@._V1_UX128_CR0,3,128,176_AL_.jpg","Florian Zeller (dir.), Anthony Hopkins, Olivia Colman","8.2","34862"
"tt0118849","133","Children of Heaven","Children of Heaven (1997)","1997","https://m.media-amazon.com/images/M/MV5BZTYwZWQ4ZTQtZWU0MS00N2YwLWEzMDItZWFkZWY0MWVjODVhXkEyXkFqcGdeQXVyNjU0OTQ0OTY@._V1_UX128_CR0,3,128,176_AL_.jpg","Majid Majidi (dir.), Mohammad Amir Naji, Amir Farrokh Hashemian","8.2","66881"
"tt0089881","134","Ran","Ran (1985)","1985","https://m.media-amazon.com/images/M/MV5BZDBjZTM4ZmEtOTA5ZC00NTQzLTkyNzYtMmUxNGU2YjI5YjU5L2ltYWdlXkEyXkFqcGdeQXVyNTAyODkwOQ@@._V1_UX128_CR0,1,128,176_AL_.jpg","Akira Kurosawa (dir.), Tatsuya Nakadai, Akira Terao","8.2","114686"
"tt0105695","135","Unforgiven","Unforgiven (1992)","1992","https://m.media-amazon.com/images/M/MV5BODM3YWY4NmQtN2Y3Ni00OTg0LWFhZGQtZWE3ZWY4MTJlOWU4XkEyXkFqcGdeQXVyNjU0OTQ0OTY@._V1_UX128_CR0,3,128,176_AL_.jpg","Clint Eastwood (dir.), Clint Eastwood, Gene Hackman","8.2","380832"
"tt0053291","136","Some Like It Hot","Some Like It Hot (1959)","1959","https://m.media-amazon.com/images/M/MV5BNzAyOGIxYjAtMGY2NC00ZTgyLWIwMWEtYzY0OWQ4NDFjOTc5XkEyXkFqcGdeQXVyNjU0OTQ0OTY@._V1_UX128_CR0,3,128,176_AL_.jpg","Billy Wilder (dir.), Marilyn Monroe, Tony Curtis","8.2","247093"
"tt0347149","137","Howl's Moving Castle","Howl's Moving Castle (2004)","2004","https://m.media-amazon.com/images/M/MV5BNmM4YTFmMmItMGE3Yy00MmRkLTlmZGEtMzZlOTQzYjk3MzA2XkEyXkFqcGdeQXVyMTMxODk2OTU@._V1_UX128_CR0,3,128,176_AL_.jpg","Hayao Miyazaki (dir.), Chieko Baish<U+00F4>, Takuya Kimura","8.2","342317"
"tt0042192","138","All About Eve","All About Eve (1950)","1950","https://m.media-amazon.com/images/M/MV5BMTY2MTAzODI5NV5BMl5BanBnXkFtZTgwMjM4NzQ0MjE@._V1_UX128_CR0,3,128,176_AL_.jpg","Joseph L. Mankiewicz (dir.), Bette Davis, Anne Baxter","8.2","122144"
"tt0112641","139","Casino","Casino (1995)","1995","https://m.media-amazon.com/images/M/MV5BMTcxOWYzNDYtYmM4YS00N2NkLTk0NTAtNjg1ODgwZjAxYzI3XkEyXkFqcGdeQXVyNTA4NzY1MzY@._V1_UX128_CR0,3,128,176_AL_.jpg","Martin Scorsese (dir.), Robert De Niro, Sharon Stone","8.2","473736"
"tt0993846","140","The Wolf of Wall Street","The Wolf of Wall Street (2013)","2013","https://m.media-amazon.com/images/M/MV5BMjIxMjgxNTk0MF5BMl5BanBnXkFtZTgwNjIyOTg2MDE@._V1_UX128_CR0,3,128,176_AL_.jpg","Martin Scorsese (dir.), Leonardo DiCaprio, Jonah Hill","8.2","1214903"
"tt0268978","141","A Beautiful Mind","A Beautiful Mind (2001)","2001","https://m.media-amazon.com/images/M/MV5BMzcwYWFkYzktZjAzNC00OGY1LWI4YTgtNzc5MzVjMDVmNjY0XkEyXkFqcGdeQXVyMTQxNzMzNDI@._V1_UX128_CR0,3,128,176_AL_.jpg","Ron Howard (dir.), Russell Crowe, Ed Harris","8.2","860763"
"tt0057115","142","The Great Escape","The Great Escape (1963)","1963","https://m.media-amazon.com/images/M/MV5BNzA2NmYxMWUtNzBlMC00MWM2LTkwNmQtYTFlZjQwODNhOWE0XkEyXkFqcGdeQXVyNTIzOTk5ODM@._V1_UX128_CR0,3,128,176_AL_.jpg","John Sturges (dir.), Steve McQueen, James Garner","8.2","227511"
"tt0457430","143","Pan's Labyrinth","Pan's Labyrinth (2006)","2006","https://m.media-amazon.com/images/M/MV5BMTU3ODg2NjQ5NF5BMl5BanBnXkFtZTcwMDEwODgzMQ@@._V1_UX128_CR0,3,128,176_AL_.jpg","Guillermo del Toro (dir.), Ivana Baquero, Ariadna Gil","8.2","625395"
"tt0469494","144","There Will Be Blood","There Will Be Blood (2007)","2007","https://m.media-amazon.com/images/M/MV5BMjAxODQ4MDU5NV5BMl5BanBnXkFtZTcwMDU4MjU1MQ@@._V1_UX128_CR0,3,128,176_AL_.jpg","Paul Thomas Anderson (dir.), Daniel Day-Lewis, Paul Dano","8.1","526391"
"tt1305806","145","The Secret in Their Eyes","The Secret in Their Eyes (2009)","2009","https://m.media-amazon.com/images/M/MV5BY2FhZGI5M2QtZWFiZS00NjkwLWE4NWQtMzg3ZDZjNjdkYTJiXkEyXkFqcGdeQXVyMTMxODk2OTU@._V1_UX128_CR0,3,128,176_AL_.jpg","Juan Jos¨¦ Campanella (dir.), Ricardo Dar¨ªn, Soledad Villamil","8.1","196081"
"tt0055031","146","Judgment at Nuremberg","Judgment at Nuremberg (1961)","1961","https://m.media-amazon.com/images/M/MV5BNDc2ODQ5NTE2MV5BMl5BanBnXkFtZTcwODExMjUyNA@@._V1_UX128_CR0,3,128,176_AL_.jpg","Stanley Kramer (dir.), Spencer Tracy, Burt Lancaster","8.1","70730"
"tt0120735","147","Lock, Stock and Two Smoking Barrels","Lock, Stock and Two Smoking Barrels (1998)","1998","https://m.media-amazon.com/images/M/MV5BMTAyN2JmZmEtNjAyMy00NzYwLThmY2MtYWQ3OGNhNjExMmM4XkEyXkFqcGdeQXVyNDk3NzU2MTQ@._V1_UX128_CR0,3,128,176_AL_.jpg","Guy Ritchie (dir.), Jason Flemyng, Dexter Fletcher","8.1","541913"
"tt0081398","148","Raging Bull","Raging Bull (1980)","1980","https://m.media-amazon.com/images/M/MV5BYjRmODkzNDItMTNhNi00YjJlLTg0ZjAtODlhZTM0YzgzYThlXkEyXkFqcGdeQXVyNzQ1ODk3MTQ@._V1_UX128_CR0,3,128,176_AL_.jpg","Martin Scorsese (dir.), Robert De Niro, Cathy Moriarty","8.1","326040"
"tt0096283","149","My Neighbor Totoro","My Neighbor Totoro (1988)","1988","https://m.media-amazon.com/images/M/MV5BYzJjMTYyMjQtZDI0My00ZjE2LTkyNGYtOTllNGQxNDMyZjE0XkEyXkFqcGdeQXVyMTMxODk2OTU@._V1_UX128_CR0,1,128,176_AL_.jpg","Hayao Miyazaki (dir.), Hitoshi Takagi, Noriko Hidaka","8.1","298106"
"tt0040897","150","The Treasure of the Sierra Madre","The Treasure of the Sierra Madre (1948)","1948","https://m.media-amazon.com/images/M/MV5BOTJlZWMxYzEtMjlkMS00ODE0LThlM2ItMDI3NGQ2YjhmMzkxXkEyXkFqcGdeQXVyMDI2NDg0NQ@@._V1_UX128_CR0,3,128,176_AL_.jpg","John Huston (dir.), Humphrey Bogart, Walter Huston","8.1","115743"
"tt0046912","151","Dial M for Murder","Dial M for Murder (1954)","1954","https://m.media-amazon.com/images/M/MV5BOWIwODIxYWItZDI4MS00YzhhLWE3MmYtMzlhZDIwOTMzZmE5L2ltYWdlXkEyXkFqcGdeQXVyNjc1NTYyMjg@._V1_UX128_CR0,3,128,176_AL_.jpg","Alfred Hitchcock (dir.), Ray Milland, Grace Kelly","8.1","160819"
"tt1130884","152","Shutter Island","Shutter Island (2010)","2010","https://m.media-amazon.com/images/M/MV5BYzhiNDkyNzktNTZmYS00ZTBkLTk2MDAtM2U0YjU1MzgxZjgzXkEyXkFqcGdeQXVyMTMxODk2OTU@._V1_UX128_CR0,3,128,176_AL_.jpg","Martin Scorsese (dir.), Leonardo DiCaprio, Emily Mortimer","8.1","1152291"
"tt5027774","153","Three Billboards Outside Ebbing, Missouri","Three Billboards Outside Ebbing, Missouri (2017)","2017","https://m.media-amazon.com/images/M/MV5BMjI0ODcxNzM1N15BMl5BanBnXkFtZTgwMzIwMTEwNDI@._V1_UX128_CR0,3,128,176_AL_.jpg","Martin McDonagh (dir.), Frances McDormand, Woody Harrelson","8.1","445148"
"tt0015864","154","The Gold Rush","The Gold Rush (1925)","1925","https://m.media-amazon.com/images/M/MV5BZjEyOTE4MzMtNmMzMy00Mzc3LWJlOTQtOGJiNDE0ZmJiOTU4L2ltYWdlXkEyXkFqcGdeQXVyNTAyODkwOQ@@._V1_UY176_CR0,0,128,176_AL_.jpg","Charles Chaplin (dir.), Charles Chaplin, Mack Swain","8.1","102749"
"tt0476735","155","My Father and My Son","My Father and My Son (2005)","2005","https://m.media-amazon.com/images/M/MV5BNjAzMzEwYzctNjc1MC00Nzg5LWFmMGItMTgzYmMyNTY2OTQ4XkEyXkFqcGdeQXVyNjU0OTQ0OTY@._V1_UX128_CR0,3,128,176_AL_.jpg","<U+00C7>agan Irmak (dir.), Eser Sariyar, <U+00C7>etin Tekindor","8.1","80418"
"tt0071315","156","Chinatown","Chinatown (1974)","1974","https://m.media-amazon.com/images/M/MV5BOGMwYmY5ZmEtMzY1Yi00OWJiLTk1Y2MtMzI2MjBhYmZkNTQ0XkEyXkFqcGdeQXVyNzkwMjQ5NzM@._V1_UX128_CR0,3,128,176_AL_.jpg","Roman Polanski (dir.), Jack Nicholson, Faye Dunaway","8.1","298804"
"tt0477348","157","No Country for Old Men","No Country for Old Men (2007)","2007","https://m.media-amazon.com/images/M/MV5BMjA5Njk3MjM4OV5BMl5BanBnXkFtZTcwMTc5MTE1MQ@@._V1_UX128_CR0,3,128,176_AL_.jpg","Ethan Coen (dir.), Tommy Lee Jones, Javier Bardem","8.1","871669"
"tt0434409","158","V for Vendetta","V for Vendetta (2005)","2005","https://m.media-amazon.com/images/M/MV5BOTI5ODc3NzExNV5BMl5BanBnXkFtZTcwNzYxNzQzMw@@._V1_UX128_CR0,3,128,176_AL_.jpg","James McTeigue (dir.), Hugo Weaving, Natalie Portman","8.1","1044444"
"tt2096673","159","Inside Out","Inside Out (2015)","2015","https://m.media-amazon.com/images/M/MV5BOTgxMDQwMDk0OF5BMl5BanBnXkFtZTgwNjU5OTg2NDE@._V1_UX128_CR0,3,128,176_AL_.jpg","Pete Docter (dir.), Amy Poehler, Bill Hader","8.1","628988"
"tt0084787","160","The Thing","The Thing (1982)","1982","https://m.media-amazon.com/images/M/MV5BNGViZWZmM2EtNGYzZi00ZDAyLTk3ODMtNzIyZTBjN2Y1NmM1XkEyXkFqcGdeQXVyNTAyODkwOQ@@._V1_UX128_CR0,3,128,176_AL_.jpg","John Carpenter (dir.), Kurt Russell, Wilford Brimley","8.1","376594"
"tt0080678","161","The Elephant Man","The Elephant Man (1980)","1980","https://m.media-amazon.com/images/M/MV5BMDVjNjIwOGItNDE3Ny00OThjLWE0NzQtZTU3YjMzZTZjMzhkXkEyXkFqcGdeQXVyMTQxNzMzNDI@._V1_UX128_CR0,3,128,176_AL_.jpg","David Lynch (dir.), Anthony Hopkins, John Hurt","8.1","223212"
"tt0050976","162","The Seventh Seal","The Seventh Seal (1957)","1957","https://m.media-amazon.com/images/M/MV5BM2I1ZWU4YjMtYzU0My00YmMzLWFmNTAtZDJhZGYwMmI3YWQ5XkEyXkFqcGdeQXVyNjU0OTQ0OTY@._V1_UX128_CR0,3,128,176_AL_.jpg","Ingmar Bergman (dir.), Max von Sydow, Gunnar Bj<U+00F6>rnstrand","8.1","168154"
"tt0167404","163","The Sixth Sense","The Sixth Sense (1999)","1999","https://m.media-amazon.com/images/M/MV5BMWM4NTFhYjctNzUyNi00NGMwLTk3NTYtMDIyNTZmMzRlYmQyXkEyXkFqcGdeQXVyMTAwMzUyOTc@._V1_UX128_CR0,3,128,176_AL_.jpg","M. Night Shyamalan (dir.), Bruce Willis, Haley Joel Osment","8.1","920624"
"tt1291584","164","Warrior","Warrior (2011)","2011","https://m.media-amazon.com/images/M/MV5BMTk4ODk5MTMyNV5BMl5BanBnXkFtZTcwMDMyNTg0Ng@@._V1_UX128_CR0,3,128,176_AL_.jpg","Gavin O'Connor (dir.), Tom Hardy, Nick Nolte","8.1","440859"
"tt0107290","165","Jurassic Park","Jurassic Park (1993)","1993","https://m.media-amazon.com/images/M/MV5BMjM2MDgxMDg0Nl5BMl5BanBnXkFtZTgwNTM2OTM5NDE@._V1_UX128_CR0,3,128,176_AL_.jpg","Steven Spielberg (dir.), Sam Neill, Laura Dern","8.1","880148"
"tt4729430","166","Klaus","Klaus (2019)","2019","https://m.media-amazon.com/images/M/MV5BMWYwOThjM2ItZGYxNy00NTQwLWFlZWEtM2MzM2Q5MmY3NDU5XkEyXkFqcGdeQXVyMTkxNjUyNQ@@._V1_UX128_CR0,3,128,176_AL_.jpg","Sergio Pablos (dir.), Jason Schwartzman, J.K. Simmons","8.1","110753"
"tt0117951","167","Trainspotting","Trainspotting (1996)","1996","https://m.media-amazon.com/images/M/MV5BMzA5Zjc3ZTMtMmU5YS00YTMwLWI4MWUtYTU0YTVmNjVmODZhXkEyXkFqcGdeQXVyNjU0OTQ0OTY@._V1_UX128_CR0,3,128,176_AL_.jpg","Danny Boyle (dir.), Ewan McGregor, Ewen Bremner","8.1","641367"
"tt0120382","168","The Truman Show","The Truman Show (1998)","1998","https://m.media-amazon.com/images/M/MV5BMDIzODcyY2EtMmY2MC00ZWVlLTgwMzAtMjQwOWUyNmJjNTYyXkEyXkFqcGdeQXVyNDk3NzU2MTQ@._V1_UX128_CR0,3,128,176_AL_.jpg","Peter Weir (dir.), Jim Carrey, Ed Harris","8.1","956549"
"tt0031381","169","Gone with the Wind","Gone with the Wind (1939)","1939","https://m.media-amazon.com/images/M/MV5BYjUyZWZkM2UtMzYxYy00ZmQ3LWFmZTQtOGE2YjBkNjA3YWZlXkEyXkFqcGdeQXVyNzkwMjQ5NzM@._V1_UX128_CR0,3,128,176_AL_.jpg","Victor Fleming (dir.), Clark Gable, Vivien Leigh","8.1","293526"
"tt0266543","170","Finding Nemo","Finding Nemo (2003)","2003","https://m.media-amazon.com/images/M/MV5BZTAzNWZlNmUtZDEzYi00ZjA5LWIwYjEtZGM1NWE1MjE4YWRhXkEyXkFqcGdeQXVyNjU0OTQ0OTY@._V1_UX128_CR0,3,128,176_AL_.jpg","Andrew Stanton (dir.), Albert Brooks, Ellen DeGeneres","8.1","960895"
"tt0079944","171","Stalker","Stalker (1979)","1979","https://m.media-amazon.com/images/M/MV5BMDgwODNmMGItMDcwYi00OWZjLTgyZjAtMGYwMmI4N2Q0NmJmXkEyXkFqcGdeQXVyNzY1MTU0Njk@._V1_UX128_CR0,1,128,176_AL_.jpg","Andrei Tarkovsky (dir.), Alisa Freyndlikh, Aleksandr Kaydanovskiy","8.1","119581"
"tt0353969","172","Memories of Murder","Memories of Murder (2003)","2003","https://m.media-amazon.com/images/M/MV5BOGViNTg4YTktYTQ2Ni00MTU0LTk2NWUtMTI4OTc1YTM0NzQ2XkEyXkFqcGdeQXVyMDM2NDM2MQ@@._V1_UX128_CR0,3,128,176_AL_.jpg","Bong Joon Ho (dir.), Kang-ho Song, Kim Sang-kyung","8.1","145359"
"tt0266697","173","Kill Bill: Vol. 1","Kill Bill: Vol. 1 (2003)","2003","https://m.media-amazon.com/images/M/MV5BNzM3NDFhYTAtYmU5Mi00NGRmLTljYjgtMDkyODQ4MjNkMGY2XkEyXkFqcGdeQXVyNzkwMjQ5NzM@._V1_UX128_CR0,3,128,176_AL_.jpg","Quentin Tarantino (dir.), Uma Thurman, David Carradine","8.1","1014131"
"tt0050986","174","Wild Strawberries","Wild Strawberries (1957)","1957","https://m.media-amazon.com/images/M/MV5BZjJhNTBmNTgtMDViOC00NDY2LWE4N2ItMDJiM2ZiYmQzYzliXkEyXkFqcGdeQXVyMzg1ODEwNQ@@._V1_UX128_CR0,1,128,176_AL_.jpg","Ingmar Bergman (dir.), Victor Sj<U+00F6>str<U+00F6>m, Bibi Andersson","8.1","98250"
"tt0083658","175","Blade Runner","Blade Runner (1982)","1982","https://m.media-amazon.com/images/M/MV5BNzQzMzJhZTEtOWM4NS00MTdhLTg0YjgtMjM4MDRkZjUwZDBlXkEyXkFqcGdeQXVyNjU0OTQ0OTY@._V1_UX128_CR0,3,128,176_AL_.jpg","Ridley Scott (dir.), Harrison Ford, Rutger Hauer","8.1","702424"
"tt0116282","176","Fargo","Fargo (1996)","1996","https://m.media-amazon.com/images/M/MV5BNDJiZDgyZjctYmRjMS00ZjdkLTkwMTEtNGU1NDg3NDQ0Yzk1XkEyXkFqcGdeQXVyNzkwMjQ5NzM@._V1_UX128_CR0,3,128,176_AL_.jpg","Joel Coen (dir.), William H. Macy, Frances McDormand","8.1","625818"
"tt0050212","177","The Bridge on the River Kwai","The Bridge on the River Kwai (1957)","1957","https://m.media-amazon.com/images/M/MV5BOGY5NmNlMmQtYzRlYy00NGQ5LWFkYjYtNzExZmQyMTg0ZDA0XkEyXkFqcGdeQXVyNDIzMzcwNjc@._V1_UX128_CR0,3,128,176_AL_.jpg","David Lean (dir.), William Holden, Alec Guinness","8.1","205950"
"tt3011894","178","Wild Tales","Wild Tales (2014)","2014","https://m.media-amazon.com/images/M/MV5BNGQzY2Y0MTgtMDA4OC00NjM3LWI0ZGQtNTJlM2UxZDQxZjI0XkEyXkFqcGdeQXVyNDUzOTQ5MjY@._V1_UX128_CR0,1,128,176_AL_.jpg","Dami¨¢n Szifron (dir.), Dar¨ªo Grandinetti, Mar¨ªa Marull","8.1","180853"
"tt0046438","179","Tokyo Story","Tokyo Story (1953)","1953","https://m.media-amazon.com/images/M/MV5BYWQ4ZTRiODktNjAzZC00Nzg1LTk1YWQtNDFmNDI0NmZiNGIwXkEyXkFqcGdeQXVyNzkwMjQ5NzM@._V1_UX128_CR0,3,128,176_AL_.jpg","Yasujir<U+00F4> Ozu (dir.), Chish<U+00FB> Ry<U+00FB>, Chieko Higashiyama","8.1","54571"
"tt1205489","180","Gran Torino","Gran Torino (2008)","2008","https://m.media-amazon.com/images/M/MV5BMTc5NTk2OTU1Nl5BMl5BanBnXkFtZTcwMDc3NjAwMg@@._V1_UX128_CR0,3,128,176_AL_.jpg","Clint Eastwood (dir.), Clint Eastwood, Bee Vang","8.1","727762"
"tt3170832","181","Room","Room (2015)","2015","https://m.media-amazon.com/images/M/MV5BMjE4NzgzNzEwMl5BMl5BanBnXkFtZTgwMTMzMDE0NjE@._V1_UX128_CR0,3,128,176_AL_.jpg","Lenny Abrahamson (dir.), Brie Larson, Jacob Tremblay","8.1","379186"
"tt0041959","182","The Third Man","The Third Man (1949)","1949","https://m.media-amazon.com/images/M/MV5BYjE2OTdhMWUtOGJlMy00ZDViLWIzZjgtYjZkZGZmMDZjYmEyXkEyXkFqcGdeQXVyNzkwMjQ5NzM@._V1_UX128_CR0,3,128,176_AL_.jpg","Carol Reed (dir.), Orson Welles, Joseph Cotten","8.1","160794"
"tt0047296","183","On the Waterfront","On the Waterfront (1954)","1954","https://m.media-amazon.com/images/M/MV5BY2I0MWFiZDMtNWQyYy00Njk5LTk3MDktZjZjNTNmZmVkYjkxXkEyXkFqcGdeQXVyNjc1NTYyMjg@._V1_UX128_CR0,3,128,176_AL_.jpg","Elia Kazan (dir.), Marlon Brando, Karl Malden","8.1","143969"
"tt0077416","184","The Deer Hunter","The Deer Hunter (1978)","1978","https://m.media-amazon.com/images/M/MV5BNDhmNTA0ZDMtYjhkNS00NzEzLWIzYTItOGNkMTVmYjE2YmI3XkEyXkFqcGdeQXVyNzkwMjQ5NzM@._V1_UX128_CR0,3,128,176_AL_.jpg","Michael Cimino (dir.), Robert De Niro, Christopher Walken","8.1","315496"
"tt0107207","185","In the Name of the Father","In the Name of the Father (1993)","1993","https://m.media-amazon.com/images/M/MV5BMmYyOTgwYWItYmU3Ny00M2E2LTk0NWMtMDVlNmQ0MWZiMTMxXkEyXkFqcGdeQXVyNzkwMjQ5NzM@._V1_UX128_CR0,3,128,176_AL_.jpg","Jim Sheridan (dir.), Daniel Day-Lewis, Pete Postlethwaite","8.1","160182"
"tt0112471","186","Before Sunrise","Before Sunrise (1995)","1995","https://m.media-amazon.com/images/M/MV5BZDdiZTAwYzAtMDI3Ni00OTRjLTkzN2UtMGE3MDMyZmU4NTU4XkEyXkFqcGdeQXVyNjU0OTQ0OTY@._V1_UX128_CR0,3,128,176_AL_.jpg","Richard Linklater (dir.), Ethan Hawke, Julie Delpy","8.1","277292"
"tt0978762","187","Mary and Max","Mary and Max (2009)","2009","https://m.media-amazon.com/images/M/MV5BMDgzYjQwMDMtNGUzYi00MTRmLWIyMGMtNjE1OGZkNzY2YWIzL2ltYWdlXkEyXkFqcGdeQXVyNjU0OTQ0OTY@._V1_UX128_CR0,1,128,176_AL_.jpg","Adam Elliot (dir.), Toni Collette, Philip Seymour Hoffman","8.1","166411"
"tt2278388","188","The Grand Budapest Hotel","The Grand Budapest Hotel (2014)","2014","https://m.media-amazon.com/images/M/MV5BMzM5NjUxOTEyMl5BMl5BanBnXkFtZTgwNjEyMDM0MDE@._V1_UX128_CR0,3,128,176_AL_.jpg","Wes Anderson (dir.), Ralph Fiennes, F. Murray Abraham","8.1","722144"
"tt0264464","189","Catch Me If You Can","Catch Me If You Can (2002)","2002","https://m.media-amazon.com/images/M/MV5BMTY5MzYzNjc5NV5BMl5BanBnXkFtZTYwNTUyNTc2._V1_UX128_CR0,3,128,176_AL_.jpg","Steven Spielberg (dir.), Leonardo DiCaprio, Tom Hanks","8.1","850312"
"tt2267998","190","Gone Girl","Gone Girl (2014)","2014","https://m.media-amazon.com/images/M/MV5BMTk0MDQ3MzAzOV5BMl5BanBnXkFtZTgwNzU1NzE3MjE@._V1_UX128_CR0,3,128,176_AL_.jpg","David Fincher (dir.), Ben Affleck, Rosamund Pike","8.1","877107"
"tt2119532","191","Hacksaw Ridge","Hacksaw Ridge (2016)","2016","https://m.media-amazon.com/images/M/MV5BMjQ1NjM3MTUxNV5BMl5BanBnXkFtZTgwMDc5MTY5OTE@._V1_UX128_CR0,3,128,176_AL_.jpg","Mel Gibson (dir.), Andrew Garfield, Sam Worthington","8.1","446501"
"tt1392214","192","Prisoners","Prisoners (2013)","2013","https://m.media-amazon.com/images/M/MV5BMTg0NTIzMjQ1NV5BMl5BanBnXkFtZTcwNDc3MzM5OQ@@._V1_UX128_CR0,3,128,176_AL_.jpg","Denis Villeneuve (dir.), Hugh Jackman, Jake Gyllenhaal","8.1","613158"
"tt0060827","193","Persona","Persona (1966)","1966","https://m.media-amazon.com/images/M/MV5BMTM0YzExY2EtMjUyZi00ZmIwLWFkYTktNjY5NmVkYTdkMjI5XkEyXkFqcGdeQXVyNzQxNDExNTU@._V1_UX128_CR0,1,128,176_AL_.jpg","Ingmar Bergman (dir.), Bibi Andersson, Liv Ullmann","8.1","105731"
"tt0015324","194","Sherlock Jr.","Sherlock Jr. (1924)","1924","https://m.media-amazon.com/images/M/MV5BZWFhOGU5NDctY2Q3YS00Y2VlLWI1NzEtZmIwY2ZiZjY4OTA2XkEyXkFqcGdeQXVyMDI2NDg0NQ@@._V1_UX128_CR0,3,128,176_AL_.jpg","Buster Keaton (dir.), Buster Keaton, Kathryn McGuire","8.1","43258"
"tt8108198","195","Andhadhun","Andhadhun (2018)","2018","https://m.media-amazon.com/images/M/MV5BZWZhMjhhZmYtOTIzOC00MGYzLWI1OGYtM2ZkN2IxNTI4ZWI3XkEyXkFqcGdeQXVyNDAzNDk0MTQ@._V1_UX128_CR0,3,128,176_AL_.jpg","Sriram Raghavan (dir.), Ayushmann Khurrana, Tabu","8.1","74851"
"tt0118715","196","The Big Lebowski","The Big Lebowski (1998)","1998","https://m.media-amazon.com/images/M/MV5BMTQ0NjUzMDMyOF5BMl5BanBnXkFtZTgwODA1OTU0MDE@._V1_UX128_CR0,3,128,176_AL_.jpg","Joel Coen (dir.), Jeff Bridges, John Goodman","8.1","742005"
"tt0072684","197","Barry Lyndon","Barry Lyndon (1975)","1975","https://m.media-amazon.com/images/M/MV5BNmY0MWY2NDctZDdmMi00MjA1LTk0ZTQtZDMyZTQ1NTNlYzVjXkEyXkFqcGdeQXVyMjUzOTY1NTc@._V1_UX128_CR0,3,128,176_AL_.jpg","Stanley Kubrick (dir.), Ryan O'Neal, Marisa Berenson","8.1","152613"
"tt0017925","198","The General","The General (1926)","1926","https://m.media-amazon.com/images/M/MV5BYmRiMDFlYjYtOTMwYy00OGY2LWE0Y2QtYzQxOGNhZmUwNTIxXkEyXkFqcGdeQXVyNzkwMjQ5NzM@._V1_UX128_CR0,3,128,176_AL_.jpg","Clyde Bruckman (dir.), Buster Keaton, Marion Mack","8.1","82378"
"tt0035446","199","To Be or Not to Be","To Be or Not to Be (1942)","1942","https://m.media-amazon.com/images/M/MV5BYTIwNDcyMjktMTczMy00NDM5LTlhNDEtMmE3NGVjOTM2YjQ3XkEyXkFqcGdeQXVyNjc0MzMzNjA@._V1_UX128_CR0,3,128,176_AL_.jpg","Ernst Lubitsch (dir.), Carole Lombard, Jack Benny","8.1","31170"
"tt1950186","200","Ford v Ferrari","Ford v Ferrari (2019)","2019","https://m.media-amazon.com/images/M/MV5BM2UwMDVmMDItM2I2Yi00NGZmLTk4ZTUtY2JjNTQ3OGQ5ZjM2XkEyXkFqcGdeQXVyMTA1OTYzOTUx._V1_UX128_CR0,3,128,176_AL_.jpg","James Mangold (dir.), Matt Damon, Christian Bale","8.1","307848"
"tt0892769","201","How to Train Your Dragon","How to Train Your Dragon (2010)","2010","https://m.media-amazon.com/images/M/MV5BMjA5NDQyMjc2NF5BMl5BanBnXkFtZTcwMjg5ODcyMw@@._V1_UX128_CR0,3,128,176_AL_.jpg","Dean DeBlois (dir.), Jay Baruchel, Gerard Butler","8.1","675665"
"tt2024544","202","12 Years a Slave","12 Years a Slave (2013)","2013","https://m.media-amazon.com/images/M/MV5BMjExMTEzODkyN15BMl5BanBnXkFtZTcwNTU4NTc4OQ@@._V1_UX128_CR0,3,128,176_AL_.jpg","Steve McQueen (dir.), Chiwetel Ejiofor, Michael Kenneth Williams","8.1","649579"
"tt0116231","203","The Bandit","The Bandit (1996)","1996","https://m.media-amazon.com/images/M/MV5BOGQ4ZjFmYjktOGNkNS00OWYyLWIyZjgtMGJjM2U1ZTA0ZTlhXkEyXkFqcGdeQXVyNTA4NzY1MzY@._V1_UX128_CR0,1,128,176_AL_.jpg","Yavuz Turgul (dir.), Sener Sen, Ugur Y¨¹cel","8.1","65250"
"tt0031679","204","Mr. Smith Goes to Washington","Mr. Smith Goes to Washington (1939)","1939","https://m.media-amazon.com/images/M/MV5BZTYwYjYxYzgtMDE1Ni00NzU4LWJlMTEtODQ5YmJmMGJhZjI5L2ltYWdlXkEyXkFqcGdeQXVyMDI2NDg0NQ@@._V1_UX128_CR0,3,128,176_AL_.jpg","Frank Capra (dir.), James Stewart, Jean Arthur","8.1","108220"
"tt0077711","205","Autumn Sonata","Autumn Sonata (1978)","1978","https://m.media-amazon.com/images/M/MV5BNGIyMWRlYTctMWNlMi00ZGIzLThjOTgtZjQzZjRjNmRhMDdlXkEyXkFqcGdeQXVyMTAwMzUyOTc@._V1_UX128_CR0,3,128,176_AL_.jpg","Ingmar Bergman (dir.), Ingrid Bergman, Liv Ullmann","8.1","28349"
"tt1392190","206","Mad Max: Fury Road","Mad Max: Fury Road (2015)","2015","https://m.media-amazon.com/images/M/MV5BN2EwM2I5OWMtMGQyMi00Zjg1LWJkNTctZTdjYTA4OGUwZjMyXkEyXkFqcGdeQXVyMTMxODk2OTU@._V1_UX128_CR0,3,128,176_AL_.jpg","George Miller (dir.), Tom Hardy, Charlize Theron","8.1","896746"
"tt0097165","207","Dead Poets Society","Dead Poets Society (1989)","1989","https://m.media-amazon.com/images/M/MV5BOGYwYWNjMzgtNGU4ZC00NWQ2LWEwZjUtMzE1Zjc3NjY3YTU1XkEyXkFqcGdeQXVyMTQxNzMzNDI@._V1_UX128_CR0,3,128,176_AL_.jpg","Peter Weir (dir.), Robin Williams, Robert Sean Leonard","8.1","434377"
"tt0405159","208","Million Dollar Baby","Million Dollar Baby (2004)","2004","https://m.media-amazon.com/images/M/MV5BMTkxNzA1NDQxOV5BMl5BanBnXkFtZTcwNTkyMTIzMw@@._V1_UX128_CR0,3,128,176_AL_.jpg","Clint Eastwood (dir.), Hilary Swank, Clint Eastwood","8.1","643369"
"tt1201607","209","Harry Potter and the Deathly Hallows: Part 2","Harry Potter and the Deathly Hallows: Part 2 (2011)","2011","https://m.media-amazon.com/images/M/MV5BMGVmMWNiMDktYjQ0Mi00MWIxLTk0N2UtN2ZlYTdkN2IzNDNlXkEyXkFqcGdeQXVyODE5NzE3OTE@._V1_UX128_CR0,3,128,176_AL_.jpg","David Yates (dir.), Daniel Radcliffe, Emma Watson","8.1","777329"
"tt0092005","210","Stand by Me","Stand by Me (1986)","1986","https://m.media-amazon.com/images/M/MV5BODJmY2Y2OGQtMDg2My00N2Q3LWJmZTUtYTc2ODBjZDVlNDlhXkEyXkFqcGdeQXVyMTQxNzMzNDI@._V1_UX128_CR0,3,128,176_AL_.jpg","Rob Reiner (dir.), Wil Wheaton, River Phoenix","8.1","367925"
"tt0052618","211","Ben-Hur","Ben-Hur (1959)","1959","https://m.media-amazon.com/images/M/MV5BNjgxY2JiZDYtZmMwOC00ZmJjLWJmODUtMTNmNWNmYWI5ODkwL2ltYWdlL2ltYWdlXkEyXkFqcGdeQXVyNjc1NTYyMjg@._V1_UX128_CR0,3,128,176_AL_.jpg","William Wyler (dir.), Charlton Heston, Jack Hawkins","8.1","222203"
"tt0074958","212","Network","Network (1976)","1976","https://m.media-amazon.com/images/M/MV5BZGNjYjM2MzItZGQzZi00NmY3LTgxOGUtMTQ2MWQxNWQ2MmMwXkEyXkFqcGdeQXVyNzM0MTUwNTY@._V1_UX128_CR0,3,128,176_AL_.jpg","Sidney Lumet (dir.), Faye Dunaway, William Holden","8.1","146819"
"tt1028532","213","Hachi: A Dog's Tale","Hachi: A Dog's Tale (2009)","2009","https://m.media-amazon.com/images/M/MV5BNzE4NDg5OWMtMzg3NC00ZDRjLTllMDMtZTRjNWZmNjBmMGZlXkEyXkFqcGdeQXVyMTMxODk2OTU@._V1_UX128_CR0,1,128,176_AL_.jpg","Lasse Hallstr<U+00F6>m (dir.), Richard Gere, Joan Allen","8.1","257941"
"tt4016934","214","The Handmaiden","The Handmaiden (2016)","2016","https://m.media-amazon.com/images/M/MV5BNDJhYTk2MTctZmVmOS00OTViLTgxNjQtMzQxOTRiMDdmNGRjXkEyXkFqcGdeQXVyMTMxODk2OTU@._V1_UX128_CR0,1,128,176_AL_.jpg","Chan-wook Park (dir.), Kim Min-hee, Jung-woo Ha","8.1","118793"
"tt0066763","215","Anand","Anand (1971)","1971","https://m.media-amazon.com/images/M/MV5BNTMzNGFlYmUtMTA0Ny00MzE1LTk1NjAtNjIxYzczZmQxNzk2XkEyXkFqcGdeQXVyNzI1NzMxNzM@._V1_UY176_CR0,0,128,176_AL_.jpg","Hrishikesh Mukherjee (dir.), Rajesh Khanna, Amitabh Bachchan","8.1","31229"
"tt0061512","216","Cool Hand Luke","Cool Hand Luke (1967)","1967","https://m.media-amazon.com/images/M/MV5BOWFlNzZhYmYtYTI5YS00MDQyLWIyNTUtNTRjMWUwNTEzNjA0XkEyXkFqcGdeQXVyNjUwNzk3NDc@._V1_UX128_CR0,3,128,176_AL_.jpg","Stuart Rosenberg (dir.), Paul Newman, George Kennedy","8.1","164123"
"tt3315342","217","Logan","Logan (2017)","2017","https://m.media-amazon.com/images/M/MV5BYzc5MTU4N2EtYTkyMi00NjdhLTg3NWEtMTY4OTEyMzJhZTAzXkEyXkFqcGdeQXVyNjc1NTYyMjg@._V1_UX128_CR0,3,128,176_AL_.jpg","James Mangold (dir.), Hugh Jackman, Patrick Stewart","8.1","661040"
"tt0091763","218","Platoon","Platoon (1986)","1986","https://m.media-amazon.com/images/M/MV5BMzRjZjdlMjQtODVkYS00N2YzLWJlYWYtMGVlN2E5MWEwMWQzXkEyXkFqcGdeQXVyMTQxNzMzNDI@._V1_UX128_CR0,3,128,176_AL_.jpg","Oliver Stone (dir.), Charlie Sheen, Tom Berenger","8.0","385857"
"tt0046268","219","The Wages of Fear","The Wages of Fear (1953)","1953","https://m.media-amazon.com/images/M/MV5BZDdkNzMwZmUtY2Q5MS00ZmM2LWJhYjItYTBjMWY0MGM4MDRjXkEyXkFqcGdeQXVyNTA4NzY1MzY@._V1_UX128_CR0,3,128,176_AL_.jpg","Henri-Georges Clouzot (dir.), Yves Montand, Charles Vanel","8.0","55580"
"tt1979320","220","Rush","Rush (2013)","2013","https://m.media-amazon.com/images/M/MV5BOWEwODJmZDItYTNmZC00OGM4LThlNDktOTQzZjIzMGQxODA4XkEyXkFqcGdeQXVyNjU0OTQ0OTY@._V1_UX128_CR0,3,128,176_AL_.jpg","Ron Howard (dir.), Daniel Br¨¹hl, Chris Hemsworth","8.0","439027"
"tt0758758","221","Into the Wild","Into the Wild (2007)","2007","https://m.media-amazon.com/images/M/MV5BMTAwNDEyODU1MjheQTJeQWpwZ15BbWU2MDc3NDQwNw@@._V1_UX128_CR0,3,128,176_AL_.jpg","Sean Penn (dir.), Emile Hirsch, Vince Vaughn","8.0","581107"
"tt0113247","222","La Haine","La Haine (1995)","1995","https://m.media-amazon.com/images/M/MV5BNDNiOTA5YjktY2Q0Ni00ODgzLWE5MWItNGExOWRlYjY2MjBlXkEyXkFqcGdeQXVyNjQ2MjQ5NzM@._V1_UX128_CR0,1,128,176_AL_.jpg","Mathieu Kassovitz (dir.), Vincent Cassel, Hubert Kound¨¦","8.0","153779"
"tt0019254","223","The Passion of Joan of Arc","The Passion of Joan of Arc (1928)","1928","https://m.media-amazon.com/images/M/MV5BNjBjNDJiYTUtOWY0OS00OGVmLTg2YzctMTE0NzVhODM1ZWJmXkEyXkFqcGdeQXVyNjU0OTQ0OTY@._V1_UX128_CR0,3,128,176_AL_.jpg","Carl Theodor Dreyer (dir.), Maria Falconetti, Eugene Silvain","8.0","48836"
"tt0053198","224","The 400 Blows","The 400 Blows (1959)","1959","https://m.media-amazon.com/images/M/MV5BYTQ4MjA4NmYtYjRhNi00MTEwLTg0NjgtNjk3ODJlZGU4NjRkL2ltYWdlL2ltYWdlXkEyXkFqcGdeQXVyNjU0OTQ0OTY@._V1_UY176_CR0,0,128,176_AL_.jpg","Fran<U+00E7>ois Truffaut (dir.), Jean-Pierre L¨¦aud, Albert R¨¦my","8.0","107339"
"tt0079470","225","Monty Python's Life of Brian","Monty Python's Life of Brian (1979)","1979","https://m.media-amazon.com/images/M/MV5BMzAwNjU1OTktYjY3Mi00NDY5LWFlZWUtZjhjNGE0OTkwZDkwXkEyXkFqcGdeQXVyMTQxNzMzNDI@._V1_UX128_CR0,3,128,176_AL_.jpg","Terry Jones (dir.), Graham Chapman, John Cleese","8.0","371847"
"tt1895587","226","Spotlight","Spotlight (2015)","2015","https://m.media-amazon.com/images/M/MV5BMjIyOTM5OTIzNV5BMl5BanBnXkFtZTgwMDkzODE2NjE@._V1_UX128_CR0,3,128,176_AL_.jpg","Tom McCarthy (dir.), Mark Ruffalo, Michael Keaton","8.0","428210"
"tt1954470","227","Gangs of Wasseypur","Gangs of Wasseypur (2012)","2012","https://m.media-amazon.com/images/M/MV5BMTc5NjY4MjUwNF5BMl5BanBnXkFtZTgwODM3NzM5MzE@._V1_UX128_CR0,3,128,176_AL_.jpg","Anurag Kashyap (dir.), Manoj Bajpayee, Richa Chadha","8.0","83987"
"tt0395169","228","Hotel Rwanda","Hotel Rwanda (2004)","2004","https://m.media-amazon.com/images/M/MV5BZGJjYmIzZmQtNWE4Yy00ZGVmLWJkZGEtMzUzNmQ4ZWFlMjRhXkEyXkFqcGdeQXVyMTMxODk2OTU@._V1_UX128_CR0,3,128,176_AL_.jpg","Terry George (dir.), Don Cheadle, Sophie Okonedo","8.0","337495"
"tt0245712","229","Amores Perros","Amores Perros (2000)","2000","https://m.media-amazon.com/images/M/MV5BMjQxMWJhMzMtMzllZi00NzMwLTllYjktNTcwZmU4ZmU3NTA0XkEyXkFqcGdeQXVyMTAzMDM4MjM0._V1_UY176_CR0,0,128,176_AL_.jpg","Alejandro G. I<U+00F1>¨¢rritu (dir.), Emilio Echevarr¨ªa, Gael Garc¨ªa Bernal","8.0","226290"
"tt0198781","230","Monsters, Inc.","Monsters, Inc. (2001)","2001","https://m.media-amazon.com/images/M/MV5BMTY1NTI0ODUyOF5BMl5BanBnXkFtZTgwNTEyNjQ0MDE@._V1_UX128_CR0,3,128,176_AL_.jpg","Pete Docter (dir.), Billy Crystal, John Goodman","8.0","826705"
"tt0060107","231","Andrei Rublev","Andrei Rublev (1966)","1966","https://m.media-amazon.com/images/M/MV5BNjM2MjMwNzUzN15BMl5BanBnXkFtZTgwMjEzMzE5MTE@._V1_UY176_CR0,0,128,176_AL_.jpg","Andrei Tarkovsky (dir.), Anatoliy Solonitsyn, Ivan Lapikov","8.0","48176"
"tt0075148","232","Rocky","Rocky (1976)","1976","https://m.media-amazon.com/images/M/MV5BMTY5MDMzODUyOF5BMl5BanBnXkFtZTcwMTQ3NTMyNA@@._V1_UX128_CR0,3,128,176_AL_.jpg","John G. Avildsen (dir.), Sylvester Stallone, Talia Shire","8.0","525794"
"tt2948372","233","Soul","Soul (2020)","2020","https://m.media-amazon.com/images/M/MV5BZGE1MDg5M2MtNTkyZS00MTY5LTg1YzUtZTlhZmM1Y2EwNmFmXkEyXkFqcGdeQXVyNjA3OTI0MDc@._V1_UX128_CR0,3,128,176_AL_.jpg","Pete Docter (dir.), Jamie Foxx, Tina Fey","8.0","224961"
"tt0087544","234","Nausica<U+00E4> of the Valley of the Wind","Nausica<U+00E4> of the Valley of the Wind (1984)","1984","https://m.media-amazon.com/images/M/MV5BZTI3NmJmYTQtNDg4NS00M2VlLTgzZDAtZWIwZDcyOWY5YzIzXkEyXkFqcGdeQXVyMTMxODk2OTU@._V1_UX128_CR0,3,128,176_AL_.jpg","Hayao Miyazaki (dir.), Sumi Shimamoto, Mahito Tsujimura","8.0","154054"
"tt0032976","235","Rebecca","Rebecca (1940)","1940","https://m.media-amazon.com/images/M/MV5BYTcxYWExOTMtMWFmYy00ZjgzLWI0YjktNWEzYzJkZTg0NDdmL2ltYWdlXkEyXkFqcGdeQXVyNjc1NTYyMjg@._V1_UX128_CR0,1,128,176_AL_.jpg","Alfred Hitchcock (dir.), Laurence Olivier, Joan Fontaine","8.0","125789"
"tt0381681","236","Before Sunset","Before Sunset (2004)","2004","https://m.media-amazon.com/images/M/MV5BMTQ1MjAwNTM5Ml5BMl5BanBnXkFtZTYwNDM0MTc3._V1_UX128_CR0,3,128,176_AL_.jpg","Richard Linklater (dir.), Ethan Hawke, Julie Delpy","8.0","240342"
"tt0118694","237","In the Mood for Love","In the Mood for Love (2000)","2000","https://m.media-amazon.com/images/M/MV5BYjZjODRlMjQtMjJlYy00ZDBjLTkyYTQtZGQxZTk5NzJhYmNmXkEyXkFqcGdeQXVyMTQxNzMzNDI@._V1_UX128_CR0,1,128,176_AL_.jpg","Kar-Wai Wong (dir.), Tony Chiu-Wai Leung, Maggie Cheung","8.0","128508"
"tt0097223","238","Time of the Gypsies","Time of the Gypsies (1988)","1988","https://m.media-amazon.com/images/M/MV5BODI2ZjVlMGQtMWE5ZS00MjJiLWIyMWYtMGU5NmIxNDc0OTMyXkEyXkFqcGdeQXVyMTQ3Njg3MQ@@._V1_UX128_CR0,3,128,176_AL_.jpg","Emir Kusturica (dir.), Davor Dujmovic, Bora Todorovic","8.0","27822"
"tt7060344","239","Raatchasan","Raatchasan (2018)","2018","https://m.media-amazon.com/images/M/MV5BMjU2NzIzMjYtMGE2ZS00YzgzLWE5MzgtZTFiYTlmOWNlYmJkXkEyXkFqcGdeQXVyODIwMDI1NjM@._V1_UY176_CR0,0,128,176_AL_.jpg","Ram Kumar (dir.), Vishnu Vishal, Amala Paul","8.0","27500"
"tt0405508","240","Rang De Basanti - Die Farbe Safran","Rang De Basanti - Die Farbe Safran (2006)","2006","https://m.media-amazon.com/images/M/MV5BYThmZDA0YmQtMWJhNy00MDQwLTk0Y2YtMDhmZTE5ZjhlNjliXkEyXkFqcGdeQXVyODE5NzE3OTE@._V1_UX128_CR0,1,128,176_AL_.jpg","Rakeysh Omprakash Mehra (dir.), Aamir Khan, Soha Ali Khan","8.0","113364"
"tt0048021","241","Rififi","Rififi (1955)","1955","https://m.media-amazon.com/images/M/MV5BNjZmZGRiMDgtNDkwNi00OTZhLWFhZmMtYTdkYjgyNThhOWY3XkEyXkFqcGdeQXVyMTA1NTM1NDI2._V1_UX128_CR0,3,128,176_AL_.jpg","Jules Dassin (dir.), Jean Servais, Carl M<U+00F6>hner","8.0","30142"
"tt0087884","242","Paris, Texas","Paris, Texas (1984)","1984","https://m.media-amazon.com/images/M/MV5BM2RjMmU3ZWItYzBlMy00ZmJkLWE5YzgtNTVkODdhOWM3NGZhXkEyXkFqcGdeQXVyNDA5Mjg5MjA@._V1_UX128_CR0,3,128,176_AL_.jpg","Wim Wenders (dir.), Harry Dean Stanton, Nastassja Kinski","8.0","94144"
"tt3417422","243","Drishyam","Drishyam (2013)","2013","https://m.media-amazon.com/images/M/MV5BYmY3MzYwMGUtOWMxYS00OGVhLWFjNmUtYzlkNGVmY2ZkMjA3XkEyXkFqcGdeQXVyMTExNDQ2MTI@._V1_UY176_CR3,0,128,176_AL_.jpg","Jeethu Joseph (dir.), Mohanlal, Meena","8.0","34598"
"tt8613070","244","Portrait of a Lady on Fire","Portrait of a Lady on Fire (2019)","2019","https://m.media-amazon.com/images/M/MV5BNjgwNjkwOWYtYmM3My00NzI1LTk5OGItYWY0OTMyZTY4OTg2XkEyXkFqcGdeQXVyODk4OTc3MTY@._V1_UX128_CR0,3,128,176_AL_.jpg","C¨¦line Sciamma (dir.), No¨¦mie Merlant, Ad¨¨le Haenel","8.0","69357"
"tt12361974","245","Zack Snyder's Justice League","Zack Snyder's Justice League (2021)","2021","https://m.media-amazon.com/images/M/MV5BYjI3NDg0ZTEtMDEwYS00YWMyLThjYjktMTNlM2NmYjc1OGRiXkEyXkFqcGdeQXVyMTEyMjM2NDc2._V1_UX128_CR0,3,128,176_AL_.jpg","Zack Snyder (dir.), Henry Cavill, Ben Affleck","8.0","266923"
"tt0025316","246","It Happened One Night","It Happened One Night (1934)","1934","https://m.media-amazon.com/images/M/MV5BYzJmMWE5NjAtNWMyZS00NmFiLWIwMDgtZDE2NzczYWFhNzIzXkEyXkFqcGdeQXVyNjc1NTYyMjg@._V1_UX128_CR0,3,128,176_AL_.jpg","Frank Capra (dir.), Clark Gable, Claudette Colbert","8.0","95507"
"tt2991224","247","Tangerines","Tangerines (2013)","2013","https://m.media-amazon.com/images/M/MV5BMTgwNzA3MDQzOV5BMl5BanBnXkFtZTgwNTE5MDE5NDE@._V1_UX128_CR0,3,128,176_AL_.jpg","Zaza Urushadze (dir.), Lembit Ulfsak, Elmo N¨¹ganen","8.0","42059"
"tt0058946","248","The Battle of Algiers","The Battle of Algiers (1966)","1966","https://m.media-amazon.com/images/M/MV5BZWEzMGY4OTQtYTdmMy00M2QwLTliYTQtYWUzYzc3OTA5YzIwXkEyXkFqcGdeQXVyNjc1NTYyMjg@._V1_UX128_CR0,1,128,176_AL_.jpg","Gillo Pontecorvo (dir.), Brahim Hadjadj, Jean Martin","8.0","54163"
"tt4430212","249","Drishyam","Drishyam (2015)","2015","https://m.media-amazon.com/images/M/MV5BYmJhZmJlYTItZmZlNy00MGY0LTg0ZGMtNWFkYWU5NTA1YTNhXkEyXkFqcGdeQXVyODE5NzE3OTE@._V1_UX128_CR0,3,128,176_AL_.jpg","Nishikant Kamat (dir.), Ajay Devgn, Shriya Saran","8.0","72661"
"tt5323662","250","A Silent Voice: The Movie","A Silent Voice: The Movie (2016)","2016","https://m.media-amazon.com/images/M/MV5BZGRkOGMxYTUtZTBhYS00NzI3LWEzMDQtOWRhMmNjNjJjMzM4XkEyXkFqcGdeQXVyMTMxODk2OTU@._V1_UX128_CR0,1,128,176_AL_.jpg","Naoko Yamada (dir.), Miyu Irino, Saori Hayami","8.0","52485"
