"id","rank","rankUpDown","title","fullTitle","year","image","crew","imDbRating","imDbRatingCount"
"tt10121392","1","+6","Thunder Force","Thunder Force (2021)","2021","https://m.media-amazon.com/images/M/MV5BMWZkM2I2NjEtNWM0Mi00MTgwLWJlYTAtYmNkZWYzNmQ1ZTBiXkEyXkFqcGdeQXVyMDM2NDM2MQ@@._V1_UX128_CR0,3,128,176_AL_.jpg","Ben Falcone (dir.), Melissa McCarthy, Octavia Spencer","4.4","24302"
"tt0293429","2","+2","Mortal Kombat","Mortal Kombat (2021)","2021","https://m.media-amazon.com/images/M/MV5BY2ZlNWIxODMtN2YwZi00ZjNmLWIyN2UtZTFkYmZkNDQyNTAyXkEyXkFqcGdeQXVyODkzNTgxMDg@._V1_UX128_CR0,3,128,176_AL_.jpg","Simon McQuoid (dir.), Lewis Tan, Jessica McNamee","6.7","16037"
"tt5034838","3","-2","Godzilla vs. Kong","Godzilla vs. Kong (2021)","2021","https://m.media-amazon.com/images/M/MV5BZmYzMzU4NjctNDI0Mi00MGExLWI3ZDQtYzQzYThmYzc2ZmNjXkEyXkFqcGdeQXVyMTEyMjM2NDc2._V1_UX128_CR0,3,128,176_AL_.jpg","Adam Wingard (dir.), Alexander Skarsg<U+00E5>rd, Millie Bobby Brown","6.5","104968"
"tt7888964","4","+5","Nobody","Nobody (2021)","2021","https://m.media-amazon.com/images/M/MV5BMjM5YTRlZmUtZGVmYi00ZjE2LWIyNzAtOWVhMDk1MDdkYzhjXkEyXkFqcGdeQXVyMjMxOTE0ODA@._V1_UX128_CR0,3,128,176_AL_.jpg","Ilya Naishuller (dir.), Bob Odenkirk, Aleksey Serebryakov","7.5","41397"
"tt0993840","5","+135","Army of the Dead","Army of the Dead (2021)","2021","https://m.media-amazon.com/images/M/MV5BNGY0NzgzYzctYWQwMC00MzM2LThjNGMtZjFjMWUyNzg0ZmM0XkEyXkFqcGdeQXVyODk4OTc3MTY@._V1_UX128_CR0,3,128,176_AL_.jpg","Zack Snyder (dir.), Dave Bautista, Ella Purnell","","0"
"tt5433138","6","+153","F9","F9 (2021)","2021","https://m.media-amazon.com/images/M/MV5BMjI0NmFkYzEtNzU2YS00NTg5LWIwYmMtNmQ1MTU0OGJjOTMxXkEyXkFqcGdeQXVyMjMxOTE0ODA@._V1_UX128_CR0,3,128,176_AL_.jpg","Justin Lin (dir.), Vin Diesel, Michelle Rodriguez","","0"
"tt12361974","7","-4","Zack Snyder's Justice League","Zack Snyder's Justice League (2021)","2021","https://m.media-amazon.com/images/M/MV5BYjI3NDg0ZTEtMDEwYS00YWMyLThjYjktMTNlM2NmYjc1OGRiXkEyXkFqcGdeQXVyMTEyMjM2NDc2._V1_UX128_CR0,3,128,176_AL_.jpg","Zack Snyder (dir.), Henry Cavill, Ben Affleck","8.1","267244"
"tt2222042","8","+255","Love and Monsters","Love and Monsters (2020)","2020","https://m.media-amazon.com/images/M/MV5BYWVkMWEyMDUtZTVmOC00MTYxLWE1ZTUtNjk4M2IzMjY2OTIxXkEyXkFqcGdeQXVyMDk5Mzc5MQ@@._V1_UX128_CR0,3,128,176_AL_.jpg","Michael Matthews (dir.), Dylan O'Brien, Jessica Henwick","7.0","61293"
"tt9620292","9","+7","Promising Young Woman","Promising Young Woman (2020)","2020","https://m.media-amazon.com/images/M/MV5BOTI0OGQzOWEtZWY1ZC00MTFjLThmODAtYWQ3MDk4ZGEyNGYyXkEyXkFqcGdeQXVyODc0OTEyNDU@._V1_UX128_CR0,3,128,176_AL_.jpg","Emerald Fennell (dir.), Carey Mulligan, Bo Burnham","7.5","76298"
"tt10272386","10","+2","The Father","The Father (2020)","2020","https://m.media-amazon.com/images/M/MV5BZGJhNWRiOWQtMjI4OS00ZjcxLTgwMTAtMzQ2ODkxY2JkOTVlXkEyXkFqcGdeQXVyMTkxNjUyNQ@@._V1_UX128_CR0,3,128,176_AL_.jpg","Florian Zeller (dir.), Anthony Hopkins, Olivia Colman","8.3","35259"
"tt9770150","11","+15","Nomadland","Nomadland (2020)","2020","https://m.media-amazon.com/images/M/MV5BMDRiZWUxNmItNDU5Yy00ODNmLTk0M2ItZjQzZTA5OTJkZjkyXkEyXkFqcGdeQXVyMTkxNjUyNQ@@._V1_UX128_CR0,3,128,176_AL_.jpg","Chlo¨¦ Zhao (dir.), Frances McDormand, David Strathairn","7.5","58084"
"tt4682266","12","+425","The New Mutants","The New Mutants (2020)","2020","https://m.media-amazon.com/images/M/MV5BZDQ2NTdmNDgtMGIwMS00ODE2LTk5M2EtZGZhYzc4MWRlNTU3XkEyXkFqcGdeQXVyNTc4MjczMTM@._V1_UX128_CR0,3,128,176_AL_.jpg","Josh Boone (dir.), Maisie Williams, Anya Taylor-Joy","5.3","51411"
"tt6902332","13","+663","The Marksman","The Marksman (2021)","2021","https://m.media-amazon.com/images/M/MV5BODdlNThhMTUtNmU1OS00ZjM3LWE1ZjMtOWViN2RhYWRiZTg5XkEyXkFqcGdeQXVyMDA4NzMyOA@@._V1_UX128_CR0,3,128,176_AL_.jpg","Robert Lorenz (dir.), Katheryn Winnick, Liam Neeson","5.6","6987"
"tt5363618","14","+13","Sound of Metal","Sound of Metal (2019)","2019","https://m.media-amazon.com/images/M/MV5BNjcyYjg0M2ItMzMyZS00NmM1LTlhZDMtN2MxN2RhNWY4YTkwXkEyXkFqcGdeQXVyNjY1MTg4Mzc@._V1_UX128_CR0,3,128,176_AL_.jpg","Darius Marder (dir.), Riz Ahmed, Olivia Cooke","7.8","66350"
"tt3215824","15","0","Those Who Wish Me Dead","Those Who Wish Me Dead (2021)","2021","https://m.media-amazon.com/images/M/MV5BYTEyNDEzNjAtNjIyNy00ZGYxLWJjNDYtNTJhM2JhYjIxYTBmXkEyXkFqcGdeQXVyMTEyMjM2NDc2._V1_UX128_CR0,3,128,176_AL_.jpg","Taylor Sheridan (dir.), Angelina Jolie, Nicholas Hoult","","0"
"tt6334354","16","-10","The Suicide Squad","The Suicide Squad (2021)","2021","https://m.media-amazon.com/images/M/MV5BNGM3YzdlOWYtNjViZS00MTE2LWE1MWUtZmE2ZTcxZjcyMmU3XkEyXkFqcGdeQXVyODEyMTI1MjA@._V1_UX128_CR0,3,128,176_AL_.jpg","James Gunn (dir.), Margot Robbie, Idris Elba","","0"
"tt9484998","17","+45","Palm Springs","Palm Springs (2020)","2020","https://m.media-amazon.com/images/M/MV5BYjk0MTgzMmQtZmY2My00NmE5LWExNGUtYjZkNTA3ZDkyMTJiXkEyXkFqcGdeQXVyMTkxNjUyNQ@@._V1_UX128_CR0,3,128,176_AL_.jpg","Max Barbakow (dir.), Andy Samberg, Cristin Milioti","7.4","102242"
"tt8368512","18","+62","The Courier","The Courier (2020)","2020","https://m.media-amazon.com/images/M/MV5BYjg4YTJlNzMtY2U0OC00N2FjLWI0ZTgtNGM1NDRhMWNhZmRkXkEyXkFqcGdeQXVyMDM2NDM2MQ@@._V1_UX128_CR0,3,128,176_AL_.jpg","Dominic Cooke (dir.), Benedict Cumberbatch, Merab Ninidze","7.1","6370"
"tt2076822","19","-9","Chaos Walking","Chaos Walking (2021)","2021","https://m.media-amazon.com/images/M/MV5BYTcxYTk3MWQtZThlMS00ZjQ0LTg0NjktNGVkNWM2MTAyYWJmXkEyXkFqcGdeQXVyMTEyMjM2NDc2._V1_UX128_CR0,3,128,176_AL_.jpg","Doug Liman (dir.), Tom Holland, Daisy Ridley","5.7","15162"
"tt8385148","20","+621","The Hitman's Wife's Bodyguard","The Hitman's Wife's Bodyguard (2021)","2021","https://m.media-amazon.com/images/M/MV5BNDkzYmNiOWYtNzZkNi00NzNiLTk2MzktY2VmMGY4MmI1NDMwXkEyXkFqcGdeQXVyMjMxOTE0ODA@._V1_UY176_CR6,0,128,176_AL_.jpg","Patrick Hughes (dir.), Ryan Reynolds, Frank Grillo","","0"
"tt5109280","21","-1","Raya and the Last Dragon","Raya and the Last Dragon (2021)","2021","https://m.media-amazon.com/images/M/MV5BZWNiOTc4NGItNGY4YS00ZGNkLThkOWEtMDE2ODcxODEwNjkwXkEyXkFqcGdeQXVyMTkxNjUyNQ@@._V1_UX128_CR0,3,128,176_AL_.jpg","Don Hall (dir.), Kelly Marie Tran, Awkwafina","7.4","48537"
"tt0116483","22","+384","Happy Gilmore","Happy Gilmore (1996)","1996","https://m.media-amazon.com/images/M/MV5BZWI2NjliOTYtZjE1OS00YzAyLWJjYTQtYWNmZTQzMTQzNzVjXkEyXkFqcGdeQXVyMTQxNzMzNDI@._V1_UX128_CR0,3,128,176_AL_.jpg","Dennis Dugan (dir.), Adam Sandler, Christopher McDonald","7.0","200830"
"tt9664108","23","-2","Voyagers","Voyagers (2021)","2021","https://m.media-amazon.com/images/M/MV5BZDIzODQyODQtYzIyYy00MDE5LWJmZjMtMDRmYTRkNzAyZjAzXkEyXkFqcGdeQXVyMTEyMjM2NDc2._V1_UX128_CR0,3,128,176_AL_.jpg","Neil Burger (dir.), Colin Farrell, Tye Sheridan","5.4","896"
"tt3480822","24","-22","Black Widow","Black Widow (2021)","2021","https://m.media-amazon.com/images/M/MV5BYjdmODAzNTctNWU1NS00ZmRiLWFiM2YtMjAyNzgzZWJlZjhlXkEyXkFqcGdeQXVyMTEyMjM2NDc2._V1_UX128_CR0,3,128,176_AL_.jpg","Cate Shortland (dir.), Scarlett Johansson, Florence Pugh","","0"
"tt9264728","25","-17","What Lies Below","What Lies Below (2020)","2020","https://m.media-amazon.com/images/M/MV5BOGQ4ZWM4NjctZDcwMS00OTJjLTljNmUtYWY4ODU3MjlkOGViXkEyXkFqcGdeQXVyODk4OTc3MTY@._V1_UX128_CR0,3,128,176_AL_.jpg","Braden R. Duemmler (dir.), Ema Horvath, Troy Iwata","4.4","3921"
"tt7126948","26","-4","Wonder Woman 1984","Wonder Woman 1984 (2020)","2020","https://m.media-amazon.com/images/M/MV5BYTlhNzJjYzYtNGU3My00ZDI5LTgzZDUtYzllYjU1ZmU0YTgwXkEyXkFqcGdeQXVyMjQwMDg0Ng@@._V1_UX128_CR0,3,128,176_AL_.jpg","Patty Jenkins (dir.), Gal Gadot, Chris Pine","5.4","193636"
"tt8633478","27","-13","Run","Run (2020)","2020","https://m.media-amazon.com/images/M/MV5BMDcwOWVkZTEtNjJhMy00MGI0LWI3NmYtOGY5NWYxZTQ0YTE5XkEyXkFqcGdeQXVyMjkwOTAyMDU@._V1_UX128_CR0,3,128,176_AL_.jpg","Aneesh Chaganty (dir.), Sarah Paulson, Kiera Allen","6.7","42278"
"tt8884906","28","+477","Monday","Monday (2020)","2020","https://m.media-amazon.com/images/M/MV5BYTg4NWQ4ODEtMmQ3Zi00N2JlLTgzNDEtMDMzYjNkODUzODE5XkEyXkFqcGdeQXVyMTkxNjUyNQ@@._V1_UX128_CR0,3,128,176_AL_.jpg","Argyris Papadimitropoulos (dir.), Denise Gough, Sebastian Stan","6.2","1200"
"tt6723592","29","0","Tenet","Tenet (2020)","2020","https://m.media-amazon.com/images/M/MV5BYzg0NGM2NjAtNmIxOC00MDJmLTg5ZmYtYzM0MTE4NWE2NzlhXkEyXkFqcGdeQXVyMTA4NjE0NjEy._V1_UX128_CR0,3,128,176_AL_.jpg","Christopher Nolan (dir.), John David Washington, Robert Pattinson","7.4","332990"
"tt0117665","30","-13","Sleepers","Sleepers (1996)","1996","https://m.media-amazon.com/images/M/MV5BMzk1MmI4NzAtOGRiNS00YjY1LTllNmEtZDhiZDM4MjU2NTMxXkEyXkFqcGdeQXVyNjc3MjQzNTI@._V1_UX128_CR0,1,128,176_AL_.jpg","Barry Levinson (dir.), Robert De Niro, Kevin Bacon","7.6","195093"
"tt13472984","31","+588","Two Distant Strangers","Two Distant Strangers (2020)","2020","https://m.media-amazon.com/images/M/MV5BNjBlZTVhYzItOTdjOS00YWY0LWE3NzQtZTc5MjRkY2RjMDM5XkEyXkFqcGdeQXVyNTU5NjE4OTY@._V1_UX128_CR0,3,128,176_AL_.jpg","Travon Free (dir.), Joey Bada$$, Andrew Howard","6.9","5576"
"tt4154796","32","+1","Avengers: Endgame","Avengers: Endgame (2019)","2019","https://m.media-amazon.com/images/M/MV5BMTc5MDE2ODcwNV5BMl5BanBnXkFtZTgwMzI2NzQ2NzM@._V1_UX128_CR0,3,128,176_AL_.jpg","Anthony Russo (dir.), Robert Downey Jr., Chris Evans","8.4","858937"
"tt8846176","33","-20","Concrete Cowboy","Concrete Cowboy (2020)","2020","https://m.media-amazon.com/images/M/MV5BODRlNjNhNDctMTJjYS00Y2Q4LTk1MGEtYTdiMDlkYWNkNGFjXkEyXkFqcGdeQXVyODk4OTc3MTY@._V1_UX128_CR0,3,128,176_AL_.jpg","Ricky Staub (dir.), Idris Elba, Caleb McLaughlin","6.2","4727"
"tt1070874","34","-4","The Trial of the Chicago 7","The Trial of the Chicago 7 (2020)","2020","https://m.media-amazon.com/images/M/MV5BYjYzOGE1MjUtODgyMy00ZDAxLTljYTgtNzk0Njg2YWQwMTZhXkEyXkFqcGdeQXVyMDM2NDM2MQ@@._V1_UX128_CR0,3,128,176_AL_.jpg","Aaron Sorkin (dir.), Eddie Redmayne, Alex Sharp","7.8","133056"
"tt4761112","35","-16","The Mauritanian","The Mauritanian (2021)","2021","https://m.media-amazon.com/images/M/MV5BODJlMzdlYzItMzRkNi00NTE0LTliZjQtMTllNzkxNDVhNjkxXkEyXkFqcGdeQXVyNjY1MTg4Mzc@._V1_UX128_CR0,3,128,176_AL_.jpg","Kevin Macdonald (dir.), Tahar Rahim, Nouhe Hamady Bari","7.4","19275"
"tt12792418","36","+514","Night in Paradise","Night in Paradise (2020)","2020","https://m.media-amazon.com/images/M/MV5BOTA1MzFkYzYtMjMzNC00MDQzLTg4NDgtOWJjMzliOGMzODFlXkEyXkFqcGdeQXVyMTEzMTI1Mjk3._V1_UX128_CR0,3,128,176_AL_.jpg","Park Hoon-jung (dir.), Tae-goo Eom, Yeo-bin Jeon","6.7","2309"
"tt0068646","37","-2","The Godfather","The Godfather (1972)","1972","https://m.media-amazon.com/images/M/MV5BM2MyNjYxNmUtYTAwNi00MTYxLWJmNWYtYzZlODY3ZTk3OTFlXkEyXkFqcGdeQXVyNzkwMjQ5NzM@._V1_UX128_CR0,1,128,176_AL_.jpg","Francis Ford Coppola (dir.), Marlon Brando, Al Pacino","9.2","1648506"
"tt3741700","38","-20","Godzilla: King of the Monsters","Godzilla: King of the Monsters (2019)","2019","https://m.media-amazon.com/images/M/MV5BOGFjYWNkMTMtMTg1ZC00Y2I4LTg0ZTYtN2ZlMzI4MGQwNzg4XkEyXkFqcGdeQXVyMTkxNjUyNQ@@._V1_UX128_CR0,3,128,176_AL_.jpg","Michael Dougherty (dir.), Kyle Chandler, Vera Farmiga","6.0","152846"
"tt10633456","39","0","Minari","Minari (2020)","2020","https://m.media-amazon.com/images/M/MV5BNWEzOTNjNDgtZDhhYS00ODAxLWIzNGMtYjU3OGZhYmI3ZDU4XkEyXkFqcGdeQXVyMTAzNjk5MDI4._V1_UX128_CR0,3,128,176_AL_.jpg","Lee Isaac Chung (dir.), Steven Yeun, Yeri Han","7.6","32847"
"tt10288566","40","+14","Another Round","Another Round (2020)","2020","https://m.media-amazon.com/images/M/MV5BOTNjM2Y2ZjgtMDc5NS00MDQ1LTgyNGYtYzYwMTAyNWQwYTMyXkEyXkFqcGdeQXVyMjE4NzUxNDA@._V1_UX128_CR0,3,128,176_AL_.jpg","Thomas Vinterberg (dir.), Mads Mikkelsen, Thomas Bo Larsen","7.8","61863"
"tt7970348","41","3,377","The Stand In","The Stand In (2020)","2020","https://m.media-amazon.com/images/M/MV5BYjE0YWZjZTItMmUwYy00OGNlLWJkZmItZDk2YWJjZmViOTBjXkEyXkFqcGdeQXVyNjY1MTg4Mzc@._V1_UX128_CR0,1,128,176_AL_.jpg","Jamie Babbit (dir.), Drew Barrymore, Sarah Jes Austell","4.6","1998"
"tt0120815","42","-6","Saving Private Ryan","Saving Private Ryan (1998)","1998","https://m.media-amazon.com/images/M/MV5BZjhkMDM4MWItZTVjOC00ZDRhLThmYTAtM2I5NzBmNmNlMzI1XkEyXkFqcGdeQXVyNDYyMDk5MTU@._V1_UX128_CR0,3,128,176_AL_.jpg","Steven Spielberg (dir.), Tom Hanks, Matt Damon","8.6","1255319"
"tt11581174","43","+649","Karnan","Karnan (2021)","2021","https://m.media-amazon.com/images/M/MV5BNTAxMTA5ZGYtOWNjYi00MmIxLWE4ZTItNjQxMzQ0MzMxMDIyXkEyXkFqcGdeQXVyMTI4Nzc4Njg3._V1_UX128_CR0,3,128,176_AL_.jpg","Mari Selvaraj (dir.), Dhanush, Lal","8.6","5241"
"tt1160419","44","+29","Dune","Dune (2021)","2021","https://m.media-amazon.com/images/M/MV5BMGFkZGY0NTgtMGEyZC00YzhjLTkyOWItYzMzOTljMDA3ZjU2XkEyXkFqcGdeQXVyNzc4NTU3Njg@._V1_UX128_CR0,3,128,176_AL_.jpg","Denis Villeneuve (dir.), Timoth¨¦e Chalamet, Rebecca Ferguson","","0"
"tt6111574","45","+42","The Woman in the Window","The Woman in the Window (2021)","2021","https://m.media-amazon.com/images/M/MV5BYmVlNWJkZWYtYmJkMy00YTZlLTgwODMtZjVmOGMzMmM1ZTk2XkEyXkFqcGdeQXVyMTAyMjQ3NzQ1._V1_UX128_CR0,3,128,176_AL_.jpg","Joe Wright (dir.), Amy Adams, Gary Oldman","","0"
"tt9893250","46","-6","I Care a Lot","I Care a Lot (2020)","2020","https://m.media-amazon.com/images/M/MV5BYWU2ZTRhNDMtMWYxMC00ZTVkLThjZmItZGY4MGU0YmZlMjJlXkEyXkFqcGdeQXVyMTkxNjUyNQ@@._V1_UX128_CR0,3,128,176_AL_.jpg","J Blakeson (dir.), Rosamund Pike, Peter Dinklage","6.3","88594"
"tt10618286","47","+18","Mank","Mank (2020)","2020","https://m.media-amazon.com/images/M/MV5BZTllMjI0ZGYtM2FmZC00ZmY4LTlkNTYtZThlOWQ1OGQyZTA3XkEyXkFqcGdeQXVyMDM2NDM2MQ@@._V1_UX128_CR0,3,128,176_AL_.jpg","David Fincher (dir.), Gary Oldman, Amanda Seyfried","7.0","54823"
"tt1201607","48","+133","Harry Potter and the Deathly Hallows: Part 2","Harry Potter and the Deathly Hallows: Part 2 (2011)","2011","https://m.media-amazon.com/images/M/MV5BMGVmMWNiMDktYjQ0Mi00MWIxLTk0N2UtN2ZlYTdkN2IzNDNlXkEyXkFqcGdeQXVyODE5NzE3OTE@._V1_UX128_CR0,3,128,176_AL_.jpg","David Yates (dir.), Daniel Radcliffe, Emma Watson","8.1","777381"
"tt9784798","49","-5","Judas and the Black Messiah","Judas and the Black Messiah (2021)","2021","https://m.media-amazon.com/images/M/MV5BOTYwNWNmM2UtNDhlOC00ZGQzLWI1MTMtMmZlMTFjM2Y1N2ZhXkEyXkFqcGdeQXVyMTY5Nzc4MDY@._V1_UX128_CR0,3,128,176_AL_.jpg","Shaka King (dir.), Daniel Kaluuya, LaKeith Stanfield","7.6","38177"
"tt11655202","50","+136","Riders of Justice","Riders of Justice (2020)","2020","https://m.media-amazon.com/images/M/MV5BZWVkNTFmNTQtMGRiZC00NjAwLThjYTgtYmI3ZjA2Zjc1MTM1XkEyXkFqcGdeQXVyODk4OTc3MTY@._V1_UX128_CR0,3,128,176_AL_.jpg","Anders Thomas Jensen (dir.), Mads Mikkelsen, Nikolaj Lie Kaas","7.8","5481"
"tt0974015","51","-23","Justice League","Justice League (2017)","2017","https://m.media-amazon.com/images/M/MV5BYWVhZjZkYTItOGIwYS00NmRkLWJlYjctMWM0ZjFmMDU4ZjEzXkEyXkFqcGdeQXVyMTMxODk2OTU@._V1_UX128_CR0,3,128,176_AL_.jpg","Zack Snyder (dir.), Ben Affleck, Gal Gadot","6.2","410616"
"tt0110366","52","+260","The Little Rascals","The Little Rascals (1994)","1994","https://m.media-amazon.com/images/M/MV5BYWE1MzdmNmMtNWQwZS00MTVkLTk3MDMtYzVkOWZlOTczMDIwXkEyXkFqcGdeQXVyNjg4NzYzMzA@._V1_UX128_CR0,3,128,176_AL_.jpg","Penelope Spheeris (dir.), Travis Tedford, Bug Hall","6.3","43868"
"tt3228774","53","+7","Cruella","Cruella (2021)","2021","https://m.media-amazon.com/images/M/MV5BOWI5YTUxOWEtZmRiZS00ZmQxLWE2NzctYTRiODA2NzE1ZjczXkEyXkFqcGdeQXVyMDM2NDM2MQ@@._V1_UX128_CR0,3,128,176_AL_.jpg","Craig Gillespie (dir.), Emma Stone, Emma Thompson","","0"
"tt2948372","54","-11","Soul","Soul (2020)","2020","https://m.media-amazon.com/images/M/MV5BZGE1MDg5M2MtNTkyZS00MTY5LTg1YzUtZTlhZmM1Y2EwNmFmXkEyXkFqcGdeQXVyNjA3OTI0MDc@._V1_UX128_CR0,3,128,176_AL_.jpg","Pete Docter (dir.), Jamie Foxx, Tina Fey","8.1","225143"
"tt10886166","55","-13","365 Days","365 Days (2020)","2020","https://m.media-amazon.com/images/M/MV5BODljZTM3ODAtMDc0YS00NmI4LTlmZTUtM2I5MDAzNTQxZmMxXkEyXkFqcGdeQXVyMTEwMTY3NDI@._V1_UX128_CR0,1,128,176_AL_.jpg","Barbara Bialowas (dir.), Anna Maria Sieklucka, Michele Morrone","3.2","56749"
"tt1877830","56","-11","The Batman","The Batman (2022)","2022","https://m.media-amazon.com/images/M/MV5BZTE2YTY3YTMtM2FlMS00YmI3LTgyMWUtM2FhMWIyZWRmMDk5XkEyXkFqcGdeQXVyMTkxNjUyNQ@@._V1_UY176_CR6,0,128,176_AL_.jpg","Matt Reeves (dir.), Amber Sienna, Robert Pattinson","","0"
"tt9419056","57","-25","The Unholy","The Unholy (2021)","2021","https://m.media-amazon.com/images/M/MV5BY2VhOTgxZGEtNGRiZi00NzVkLWE3MGEtZTRjNWEwY2MwZTI0XkEyXkFqcGdeQXVyMTkxNjUyNQ@@._V1_UY176_CR6,0,128,176_AL_.jpg","Evan Spiliotopoulos (dir.), Jeffrey Dean Morgan, Cricket Brown","5.2","1355"
"tt7131622","58","+9","Once Upon a Time... In Hollywood","Once Upon a Time... In Hollywood (2019)","2019","https://m.media-amazon.com/images/M/MV5BOTg4ZTNkZmUtMzNlZi00YmFjLTk1MmUtNWQwNTM0YjcyNTNkXkEyXkFqcGdeQXVyNjg2NjQwMDQ@._V1_UX128_CR0,3,128,176_AL_.jpg","Quentin Tarantino (dir.), Leonardo DiCaprio, Brad Pitt","7.6","573771"
"tt10872600","59","+5","Spider-Man: No Way Home","Spider-Man: No Way Home (2021)","2021","https://m.media-amazon.com/images/M/MV5BNTMxOGI4OGMtMTgwMy00NmFjLWIyOTUtYjQ0OGQ4Mjk0YjNjXkEyXkFqcGdeQXVyMDM2NDM2MQ@@._V1_UX128_CR0,3,128,176_AL_.jpg","Jon Watts (dir.), Tom Holland, Zendaya","","0"
"tt0111161","60","-1","The Shawshank Redemption","The Shawshank Redemption (1994)","1994","https://m.media-amazon.com/images/M/MV5BMDFkYTc0MGEtZmNhMC00ZDIzLWFmNTEtODM1ZmRlYWMwMWFmXkEyXkFqcGdeQXVyMTMxODk2OTU@._V1_UX128_CR0,3,128,176_AL_.jpg","Frank Darabont (dir.), Tim Robbins, Morgan Freeman","9.3","2379513"
"tt6751668","61","+8","Parasite","Parasite (2019)","2019","https://m.media-amazon.com/images/M/MV5BYWZjMjk3ZTItODQ2ZC00NTY5LWE0ZDYtZTI3MjcwN2Q5NTVkXkEyXkFqcGdeQXVyODk4OTc3MTY@._V1_UX128_CR0,3,128,176_AL_.jpg","Bong Joon Ho (dir.), Kang-ho Song, Sun-kyun Lee","8.6","593139"
"tt6802400","62","-25","Coming 2 America","Coming 2 America (2021)","2021","https://m.media-amazon.com/images/M/MV5BZTMyY2Q2MDctMDFlMS00MWEzLTk1NmEtNDcxNzg1ZGJlNGU5XkEyXkFqcGdeQXVyODk4OTc3MTY@._V1_UX128_CR0,3,128,176_AL_.jpg","Craig Brewer (dir.), Eddie Murphy, Arsenio Hall","5.3","53328"
"tt9742794","63","-6","The Vault","The Vault (2021)","2021","https://m.media-amazon.com/images/M/MV5BZTliM2M5MjktZmY2NC00NjdlLWE5YzUtNDU2NzA0MzkyMDNlXkEyXkFqcGdeQXVyMTE1Nzg4NjY0._V1_UX128_CR0,3,128,176_AL_.jpg","Jaume Balaguer¨® (dir.), Freddie Highmore, Astrid Berg¨¨s-Frisbey","6.4","5518"
"tt1825683","64","-1","Black Panther","Black Panther (2018)","2018","https://m.media-amazon.com/images/M/MV5BMTg1MTY2MjYzNV5BMl5BanBnXkFtZTgwMTc4NTMwNDI@._V1_UX128_CR0,3,128,176_AL_.jpg","Ryan Coogler (dir.), Chadwick Boseman, Michael B. Jordan","7.3","642201"
"tt3731562","65","-41","Kong: Skull Island","Kong: Skull Island (2017)","2017","https://m.media-amazon.com/images/M/MV5BZDg0OGM1NWEtNDEwOC00OTE2LTliZWEtNzg1MTZkNjFlMmNhXkEyXkFqcGdeQXVyMTA4NjE0NjEy._V1_UX128_CR0,3,128,176_AL_.jpg","Jordan Vogt-Roberts (dir.), Tom Hiddleston, Samuel L. Jackson","6.6","285262"
"tt9614452","66","+11","The Big Bull","The Big Bull (2021)","2021","https://m.media-amazon.com/images/M/MV5BZjJlYzI1Y2YtZGJkZi00YzRkLWFlNjQtNTViM2Q2NTY5OGQ3XkEyXkFqcGdeQXVyODE5NzE3OTE@._V1_UY176_CR0,0,128,176_AL_.jpg","Kookie Gulati (dir.), Abhishek Bachchan, Nikita Dutta","5.0","9130"
"tt6878306","67","-6","News of the World","News of the World (2020)","2020","https://m.media-amazon.com/images/M/MV5BMDNlNmVlNDItMjE3Yi00ZTA3LWIyOTktNDhhMGFlZjk5ZDQ0XkEyXkFqcGdeQXVyMDM2NDM2MQ@@._V1_UX128_CR0,3,128,176_AL_.jpg","Paul Greengrass (dir.), Tom Hanks, Helena Zengel","6.8","58522"
"tt0831387","68","-43","Godzilla","Godzilla (2014)","2014","https://m.media-amazon.com/images/M/MV5BZDFmYTM4NzAtNWM0ZC00MGJlLWEyYzQtYzA3ZTFiNzc1YjllXkEyXkFqcGdeQXVyMTA4NjE0NjEy._V1_UX128_CR0,3,128,176_AL_.jpg","Gareth Edwards (dir.), Aaron Taylor-Johnson, Elizabeth Olsen","6.4","389023"
"tt0250494","69","+6","Legally Blonde","Legally Blonde (2001)","2001","https://m.media-amazon.com/images/M/MV5BNTEyNjUwMTkxMV5BMl5BanBnXkFtZTcwNjk0NDk0NA@@._V1_UX128_CR0,3,128,176_AL_.jpg","Robert Luketic (dir.), Reese Witherspoon, Luke Wilson","6.3","189930"
"tt0468569","70","-14","The Dark Knight","The Dark Knight (2008)","2008","https://m.media-amazon.com/images/M/MV5BMTMxNTMwODM0NF5BMl5BanBnXkFtZTcwODAyMTk2Mw@@._V1_UX128_CR0,3,128,176_AL_.jpg","Christopher Nolan (dir.), Christian Bale, Heath Ledger","9.0","2343265"
"tt13269536","71","-23","Girl in the Basement","Girl in the Basement (2021)","2021","https://m.media-amazon.com/images/M/MV5BMTdkYWE4ZGQtOGZkMy00ZTg1LWE5ODEtZWRlMjQ3NWQ2N2I2XkEyXkFqcGdeQXVyNjU0NTI0Nw@@._V1_UX128_CR0,3,128,176_AL_.jpg","Elisabeth R<U+00F6>hm (dir.), Judd Nelson, Stefanie Scott","6.3","2637"
"tt0114898","72","+4","Waterworld","Waterworld (1995)","1995","https://m.media-amazon.com/images/M/MV5BYzE4NTRmMDYtNWYzYi00YmNkLTk4NDEtYjFmMDc4ODQ3ODY2XkEyXkFqcGdeQXVyNTUyMzE4Mzg@._V1_UX128_CR0,3,128,176_AL_.jpg","Kevin Reynolds (dir.), Kevin Costner, Jeanne Tripplehorn","6.3","183225"
"tt10059518","73","-24","Unhinged","Unhinged (2020)","2020","https://m.media-amazon.com/images/M/MV5BYjc1Mjg5NjItY2I2MS00NDk3LWI5NGYtNzZjNTNiZmMwZTA3XkEyXkFqcGdeQXVyMjM4NTM5NDY@._V1_UX128_CR0,3,128,176_AL_.jpg","Derrick Borte (dir.), Russell Crowe, Caren Pistorius","6.0","44287"
"tt14318430","74","9,314","Why Did You Kill Me?","Why Did You Kill Me? (2021)","2021","https://m.media-amazon.com/images/M/MV5BMTA5ZTdiYmYtZTZlNy00MGZkLWE0NjItNjk3MWUyOTE0NzYzXkEyXkFqcGdeQXVyNjEwNTM2Mzc@._V1_UX128_CR0,1,128,176_AL_.jpg","Fredrick Munk (dir.), Belinda Lane","5.7","2024"
"tt14152756","75","-37","Seaspiracy","Seaspiracy (2021)","2021","https://m.media-amazon.com/images/M/MV5BZjA0MmZlNTctMzQyNS00MDQyLWFkNGItZDRiMGMxYzg2MDIyXkEyXkFqcGdeQXVyNjEwNTM2Mzc@._V1_UY176_CR0,0,128,176_AL_.jpg","Ali Tabrizi (dir.), Ali Tabrizi, Richard O'Barry","8.3","18149"
"tt0241527","76","-24","Harry Potter and the Sorcerer's Stone","Harry Potter and the Sorcerer's Stone (2001)","2001","https://m.media-amazon.com/images/M/MV5BNjQ3NWNlNmQtMTE5ZS00MDdmLTlkZjUtZTBlM2UxMGFiMTU3XkEyXkFqcGdeQXVyNjUwNzk3NDc@._V1_UX128_CR0,3,128,176_AL_.jpg","Chris Columbus (dir.), Daniel Radcliffe, Rupert Grint","7.6","670536"
"tt0120338","77","+31","Titanic","Titanic (1997)","1997","https://m.media-amazon.com/images/M/MV5BMDdmZGU3NDQtY2E5My00ZTliLWIzOTUtMTY4ZGI1YjdiNjk3XkEyXkFqcGdeQXVyNTA4NzY1MzY@._V1_UX128_CR0,3,128,176_AL_.jpg","James Cameron (dir.), Leonardo DiCaprio, Kate Winslet","7.8","1061039"
"tt9684220","78","-47","Bad Trip","Bad Trip (2021)","2021","https://m.media-amazon.com/images/M/MV5BNDgzMTgxOTktNmM2Ny00Nzk5LTgxNjAtNzJlNjBjNjMyOWZkXkEyXkFqcGdeQXVyMTkxNjUyNQ@@._V1_UX128_CR0,3,128,176_AL_.jpg","Kitao Sakurai (dir.), Eric Andr¨¦, Michaela Conlin","6.6","15564"
"tt8946378","79","-21","Knives Out","Knives Out (2019)","2019","https://m.media-amazon.com/images/M/MV5BMGUwZjliMTAtNzAxZi00MWNiLWE2NzgtZGUxMGQxZjhhNDRiXkEyXkFqcGdeQXVyNjU1NzU3MzE@._V1_UX128_CR0,3,128,176_AL_.jpg","Rian Johnson (dir.), Daniel Craig, Chris Evans","7.9","482069"
"tt9016974","80","+449","Synchronic","Synchronic (2019)","2019","https://m.media-amazon.com/images/M/MV5BYWVlNjUxNzctZTI3NC00MDMzLWFlMjAtYmI2NWE5ZWJhYjZmXkEyXkFqcGdeQXVyMTEyMjM2NDc2._V1_UX128_CR0,3,128,176_AL_.jpg","Justin Benson (dir.), Anthony Mackie, Jamie Dornan","6.2","14740"
"tt5932368","81","+920","Vanquish","Vanquish (2021)","2021","https://m.media-amazon.com/images/M/MV5BZWEzZDdjMjAtOWM1Zi00MTZkLWE5OTEtMDg2YmNmODFjOTBjXkEyXkFqcGdeQXVyMDA4NzMyOA@@._V1_UX128_CR0,3,128,176_AL_.jpg","George Gallo (dir.), Morgan Freeman, Ruby Rose","2.5","1117"
"tt10648342","82","-3","Thor: Love and Thunder","Thor: Love and Thunder (2022)","2022","https://m.media-amazon.com/images/M/MV5BMzZjMTIwNjYtYTg0ZS00ZDFjLTk3MDctMTY3ZTgwMjQ4MmFiXkEyXkFqcGdeQXVyNjg2NjQwMDQ@._V1_UX128_CR0,1,128,176_AL_.jpg","Taika Waititi (dir.), Melissa McCarthy, Karen Gillan","","0"
"tt7286456","83","-1","Joker","Joker (2019)","2019","https://m.media-amazon.com/images/M/MV5BNGVjNWI4ZGUtNzE0MS00YTJmLWE0ZDctN2ZiYTk2YmI3NTYyXkEyXkFqcGdeQXVyMTkxNjUyNQ@@._V1_UX128_CR0,3,128,176_AL_.jpg","Todd Phillips (dir.), Joaquin Phoenix, Robert De Niro","8.4","983788"
"tt4154756","84","-1","Avengers: Infinity War","Avengers: Infinity War (2018)","2018","https://m.media-amazon.com/images/M/MV5BMjMxNjY2MDU1OV5BMl5BanBnXkFtZTgwNzY1MTUwNTM@._V1_UX128_CR0,3,128,176_AL_.jpg","Anthony Russo (dir.), Robert Downey Jr., Chris Hemsworth","8.4","867072"
"tt1477834","85","+30","Aquaman","Aquaman (2018)","2018","https://m.media-amazon.com/images/M/MV5BOTk5ODg0OTU5M15BMl5BanBnXkFtZTgwMDQ3MDY3NjM@._V1_UX128_CR0,3,128,176_AL_.jpg","James Wan (dir.), Jason Momoa, Amber Heard","6.9","390783"
"tt9130508","86","-33","Cherry","Cherry (2021)","2021","https://m.media-amazon.com/images/M/MV5BOTZkMzlkYmItZDAyNy00NmZhLWE3MWItMzQyNDhkYzcwMTFmXkEyXkFqcGdeQXVyMDM2NDM2MQ@@._V1_UX128_CR0,3,128,176_AL_.jpg","Anthony Russo (dir.), Tom Holland, Ciara Bravo","6.6","18930"
"tt8772262","87","-1","Midsommar","Midsommar (2019)","2019","https://m.media-amazon.com/images/M/MV5BMzQxNzQzOTQwM15BMl5BanBnXkFtZTgwMDQ2NTcwODM@._V1_UX128_CR0,3,128,176_AL_.jpg","Ari Aster (dir.), Florence Pugh, Jack Reynor","7.1","213108"
"tt0417741","88","-65","Harry Potter and the Half-Blood Prince","Harry Potter and the Half-Blood Prince (2009)","2009","https://m.media-amazon.com/images/M/MV5BNzU3NDg4NTAyNV5BMl5BanBnXkFtZTcwOTg2ODg1Mg@@._V1_UX128_CR0,3,128,176_AL_.jpg","David Yates (dir.), Daniel Radcliffe, Emma Watson","7.6","483762"
"tt0993846","89","+9","The Wolf of Wall Street","The Wolf of Wall Street (2013)","2013","https://m.media-amazon.com/images/M/MV5BMjIxMjgxNTk0MF5BMl5BanBnXkFtZTgwNjIyOTg2MDE@._V1_UX128_CR0,3,128,176_AL_.jpg","Martin Scorsese (dir.), Leonardo DiCaprio, Jonah Hill","8.2","1214971"
"tt7638348","90","+6","Boss Level","Boss Level (2021)","2021","https://m.media-amazon.com/images/M/MV5BNTVkODdiMjAtNmQ5Yy00OThhLTg4MDItYTZlYTFmN2E0M2M1XkEyXkFqcGdeQXVyMTkxNjUyNQ@@._V1_UX128_CR0,3,128,176_AL_.jpg","Joe Carnahan (dir.), Frank Grillo, Mel Gibson","6.9","22089"
"tt0110912","91","+23","Pulp Fiction","Pulp Fiction (1994)","1994","https://m.media-amazon.com/images/M/MV5BNGNhMDIzZTUtNTBlZi00MTRlLWFjM2ItYzViMjE3YzI5MjljXkEyXkFqcGdeQXVyNzkwMjQ5NzM@._V1_UX128_CR0,3,128,176_AL_.jpg","Quentin Tarantino (dir.), John Travolta, Uma Thurman","8.9","1853674"
"tt3554046","92","-87","Space Jam: A New Legacy","Space Jam: A New Legacy (2021)","2021","https://m.media-amazon.com/images/M/MV5BNjg3NmUwYjctMmIzYS00ZTNiLTlhNTYtMWMxNzE5YWIzNmQ4XkEyXkFqcGdeQXVyMTkxNjUyNQ@@._V1_UX128_CR0,3,128,176_AL_.jpg","Malcolm D. Lee (dir.), LeBron James, Zendaya","","0"
"tt8114980","93","+38","Willy's Wonderland","Willy's Wonderland (2021)","2021","https://m.media-amazon.com/images/M/MV5BOTc3ZjVkYTYtMDZiMC00OTliLWE3OTEtYjY5NTBmNGJjYTBmXkEyXkFqcGdeQXVyNDExMzMxNjE@._V1_UX128_CR0,3,128,176_AL_.jpg","Kevin Lewis (dir.), Nicolas Cage, Emily Tosta","5.5","10748"
"tt0120737","94","+6","The Lord of the Rings: The Fellowship of the Ring","The Lord of the Rings: The Fellowship of the Ring (2001)","2001","https://m.media-amazon.com/images/M/MV5BN2EyZjM3NzUtNWUzMi00MTgxLWI0NTctMzY4M2VlOTdjZWRiXkEyXkFqcGdeQXVyNDUzOTQ5MjY@._V1_UX128_CR0,3,128,176_AL_.jpg","Peter Jackson (dir.), Elijah Wood, Ian McKellen","8.8","1685333"
"tt0458339","95","+14","Captain America: The First Avenger","Captain America: The First Avenger (2011)","2011","https://m.media-amazon.com/images/M/MV5BMTYzOTc2NzU3N15BMl5BanBnXkFtZTcwNjY3MDE3NQ@@._V1_UX128_CR0,3,128,176_AL_.jpg","Joe Johnston (dir.), Chris Evans, Hugo Weaving","6.9","755311"
"tt1961175","96","+779","American Assassin","American Assassin (2017)","2017","https://m.media-amazon.com/images/M/MV5BMjM0MjY4MTk5NV5BMl5BanBnXkFtZTgwNDE2NTQyMzI@._V1_UX128_CR0,3,128,176_AL_.jpg","Michael Cuesta (dir.), Dylan O'Brien, Michael Keaton","6.2","72896"
"tt11161474","97","+6","Pieces of a Woman","Pieces of a Woman (2020)","2020","https://m.media-amazon.com/images/M/MV5BMGE3MzMzOTAtOTExMy00MzFiLWFjNDItN2ZiZmYyYjY2MWUwXkEyXkFqcGdeQXVyMTEyMjM2NDc2._V1_UX128_CR0,3,128,176_AL_.jpg","Korn¨¦l Mundrucz¨® (dir.), Vanessa Kirby, Shia LaBeouf","7.1","36087"
"tt6475714","98","-17","Monster Hunter","Monster Hunter (2020)","2020","https://m.media-amazon.com/images/M/MV5BOGU3NTFmNjYtODc3Ny00MWEzLWI3M2ItZjE3NDgwMTI0MzkzXkEyXkFqcGdeQXVyMTEyMjM2NDc2._V1_UX128_CR0,3,128,176_AL_.jpg","Paul W.S. Anderson (dir.), Milla Jovovich, Tony Jaa","5.3","32961"
"tt1856101","99","+23","Blade Runner 2049","Blade Runner 2049 (2017)","2017","https://m.media-amazon.com/images/M/MV5BNzA1Njg4NzYxOV5BMl5BanBnXkFtZTgwODk5NjU3MzI@._V1_UX128_CR0,3,128,176_AL_.jpg","Denis Villeneuve (dir.), Harrison Ford, Ryan Gosling","8.0","474559"
"tt10098288","100","+276","Roohi","Roohi (2021)","2021","https://m.media-amazon.com/images/M/MV5BZTQzZjMwMDctNGY2OC00ZmU4LTgwYmEtNWIwMjE2Yjc4MmQ1XkEyXkFqcGdeQXVyMTI1NDAzMzM0._V1_UY176_CR0,0,128,176_AL_.jpg","Hardik Mehta (dir.), Rajkummar Rao, Janhvi Kapoor","4.2","5545"
