"id","rank","rankUpDown","title.x","fullTitle","year.x","image","crew","imDbRating","imDbRatingCount","title.y","original_title","year.y","date_published","genre","duration","country","language","director","writer","production_company","actors","description","avg_vote","votes","budget","usa_gross_income","worlwide_gross_income","metascore","reviews_from_users","reviews_from_critics"
"tt9620292","9","+7","Promising Young Woman","Promising Young Woman (2020)","2020","https://m.media-amazon.com/images/M/MV5BOTI0OGQzOWEtZWY1ZC00MTFjLThmODAtYWQ3MDk4ZGEyNGYyXkEyXkFqcGdeQXVyODc0OTEyNDU@._V1_UX128_CR0,3,128,176_AL_.jpg","Emerald Fennell (dir.), Carey Mulligan, Bo Burnham","7.5","76298","Promising Young Woman","Promising Young Woman","2020","2020-07-17","Comedy, Crime, Drama",113,"UK, USA","English","Emerald Fennell","Emerald Fennell","FilmNation Entertainment","Carey Mulligan, Bo Burnham, Laverne Cox, Clancy Brown, Jennifer Coolidge, Alison Brie, Christopher Mintz-Plasse, Molly Shannon, Angela Zhou, Sam Richardson, Connie Britton, Steve Monroe, Casey Adams, Francisca Estevez, Timothy E. Goodwin","A young woman, traumatized by a tragic event in her past, seeks out vengeance against those who cross her path.",6.5,349,"","","",74,4,52
"tt10272386","10","+2","The Father","The Father (2020)","2020","https://m.media-amazon.com/images/M/MV5BZGJhNWRiOWQtMjI4OS00ZjcxLTgwMTAtMzQ2ODkxY2JkOTVlXkEyXkFqcGdeQXVyMTkxNjUyNQ@@._V1_UX128_CR0,3,128,176_AL_.jpg","Florian Zeller (dir.), Anthony Hopkins, Olivia Colman","8.3","35259","The Father","The Father","2020","2021-01-08","Drama",97,"UK, France","English","Florian Zeller","Christopher Hampton, Florian Zeller","Trademark Films","Anthony Hopkins, Olivia Colman, Olivia Williams, Rufus Sewell, Evie Wray, Mark Gatiss, Imogen Poots, Ayesha Dharker, Ray Burnet","A man refuses all assistance from his daughter as he ages. As he tries to make sense of his changing circumstances, he begins to doubt his loved ones, his own mind and even the fabric of his reality.",8.2,148,"","","",87,1,4
"tt4682266","12","+425","The New Mutants","The New Mutants (2020)","2020","https://m.media-amazon.com/images/M/MV5BZDQ2NTdmNDgtMGIwMS00ODE2LTk5M2EtZGZhYzc4MWRlNTU3XkEyXkFqcGdeQXVyNTc4MjczMTM@._V1_UX128_CR0,3,128,176_AL_.jpg","Josh Boone (dir.), Maisie Williams, Anya Taylor-Joy","5.3","51411","New Mutants","The New Mutants","2020","2020-09-02","Action, Horror, Sci-Fi",94,"USA, Canada","English","Josh Boone","Josh Boone, Knate Lee","20th Century Studios","Maisie Williams, Anya Taylor-Joy, Charlie Heaton, Alice Braga, Blu Hunt, Henry Zaga, Adam Beach, Thomas Kee, Colbi Gannett, Happy Anderson, Dustin Ceithamer, Jacinto Vega SpiritWolf, Chuck, Marilyn Manson","Five young mutants, just discovering their abilities while held in a secret facility against their will, fight to escape their past sins and save themselves.",5.6,4621,"$ 67000000","$ 7487310","$ 10387310",41,173,54
"tt5363618","14","+13","Sound of Metal","Sound of Metal (2019)","2019","https://m.media-amazon.com/images/M/MV5BNjcyYjg0M2ItMzMyZS00NmM1LTlhZDMtN2MxN2RhNWY4YTkwXkEyXkFqcGdeQXVyNjY1MTg4Mzc@._V1_UX128_CR0,3,128,176_AL_.jpg","Darius Marder (dir.), Riz Ahmed, Olivia Cooke","7.8","66350","Sound of Metal","Sound of Metal","2019","2020","Drama, Music",130,"Belgium, USA","English","Darius Marder","Derek Cianfrance, Abraham Marder","Caviar","Olivia Cooke, Riz Ahmed, Mathieu Amalric, Lauren Ridloff, Chris Perfetti, William Xifaras, Michael Tow, Jamie Ghazarian, Tom Kemp, Paul Raci, Hillary Baack, Rena Maliszewski, Bill Thorpe, David Arthur Sousa, Marisa Defranco","A heavy-metal drummer's life is thrown into freefall when he begins to lose his hearing.",6.9,307,"","","",87,7,16
"tt9484998","17","+45","Palm Springs","Palm Springs (2020)","2020","https://m.media-amazon.com/images/M/MV5BYjk0MTgzMmQtZmY2My00NmE5LWExNGUtYjZkNTA3ZDkyMTJiXkEyXkFqcGdeQXVyMTkxNjUyNQ@@._V1_UX128_CR0,3,128,176_AL_.jpg","Max Barbakow (dir.), Andy Samberg, Cristin Milioti","7.4","102242","Palm Springs","Palm Springs","2020","2020-07-10","Comedy, Fantasy, Mystery",90,"USA, Hong Kong","English","Max Barbakow","Andy Siara","Limelight","Andy Samberg, Cristin Milioti, J.K. Simmons, Peter Gallagher, Meredith Hagner, Camila Mendes, Tyler Hoechlin, Chris Pang, Jacqueline Obradors, June Squibb, Tongayi Chirisa, Dale Dickey, Conner O'Malley, Jena Friedman, Brian Duffy","When carefree Nyles and reluctant maid of honor Sarah have a chance encounter at a Palm Springs wedding, things get complicated as they are unable to escape the venue, themselves, or each other.",7.4,44712,"","$ 164000","$ 338427",83,300,122
"tt0116483","22","+384","Happy Gilmore","Happy Gilmore (1996)","1996","https://m.media-amazon.com/images/M/MV5BZWI2NjliOTYtZjE1OS00YzAyLWJjYTQtYWNmZTQzMTQzNzVjXkEyXkFqcGdeQXVyMTQxNzMzNDI@._V1_UX128_CR0,3,128,176_AL_.jpg","Dennis Dugan (dir.), Adam Sandler, Christopher McDonald","7.0","200830","Un tipo imprevedibile","Happy Gilmore","1996","1997-08-22","Comedy, Sport",92,"USA","English","Dennis Dugan","Tim Herlihy, Adam Sandler","Universal Pictures","Adam Sandler, Christopher McDonald, Julie Bowen, Frances Bay, Carl Weathers, Allen Covert, Robert Smigel, Bob Barker, Richard Kiel, Dennis Dugan, Joe Flaherty, Lee Trevino, Kevin Nealon, Verne Lundquist, Jared Van Snellenberg","A rejected hockey player puts his skills to the golf course to save his grandmother's house.",7,192461,"$ 12000000","$ 38824099","$ 41205099",31,323,72
"tt6723592","29","0","Tenet","Tenet (2020)","2020","https://m.media-amazon.com/images/M/MV5BYzg0NGM2NjAtNmIxOC00MDJmLTg5ZmYtYzM0MTE4NWE2NzlhXkEyXkFqcGdeQXVyMTA4NjE0NjEy._V1_UX128_CR0,3,128,176_AL_.jpg","Christopher Nolan (dir.), John David Washington, Robert Pattinson","7.4","332990","Tenet","Tenet","2020","2020-08-26","Action, Sci-Fi",150,"UK, USA","English, Russian, Ukrainian, Estonian","Christopher Nolan","Christopher Nolan","Syncopy","Elizabeth Debicki, Robert Pattinson, John David Washington, Aaron Taylor-Johnson, Kenneth Branagh, Clémence Poésy, Fiona Dourif, Michael Caine, Himesh Patel, Andrew Howard, Wes Chatham, Dimple Kapadia, Martin Donovan, Yuri Kolokolnikov, Jack Cutmore-Scott","Armed with only one word, Tenet, and fighting for the survival of the entire world, a Protagonist journeys through a twilight world of international espionage on a mission that will unfold in something beyond real time.",7.9,60922,"$ 205000000","","$ 53600000",69,1128,239
"tt0117665","30","-13","Sleepers","Sleepers (1996)","1996","https://m.media-amazon.com/images/M/MV5BMzk1MmI4NzAtOGRiNS00YjY1LTllNmEtZDhiZDM4MjU2NTMxXkEyXkFqcGdeQXVyNjc3MjQzNTI@._V1_UX128_CR0,1,128,176_AL_.jpg","Barry Levinson (dir.), Robert De Niro, Kevin Bacon","7.6","195093","Sleepers","Sleepers","1996","1996-10-25","Crime, Drama, Thriller",147,"USA","English","Barry Levinson","Lorenzo Carcaterra, Barry Levinson","Astoria Films","Kevin Bacon, Billy Crudup, Robert De Niro, Ron Eldard, Minnie Driver, Vittorio Gassman, Dustin Hoffman, Terry Kinney, Bruno Kirby, Frank Medrano, Jason Patric, Joe Perrino, Brad Pitt, Brad Renfro, Geoffrey Wigdor","After a prank goes disastrously wrong, a group of boys are sent to a detention center where they are brutalized. Thirteen years later, an unexpected random encounter with a former guard gives them a chance for revenge.",7.6,183812,"$ 44000000","$ 53315285","$ 165615285",49,293,68
"tt4154796","32","+1","Avengers: Endgame","Avengers: Endgame (2019)","2019","https://m.media-amazon.com/images/M/MV5BMTc5MDE2ODcwNV5BMl5BanBnXkFtZTgwMzI2NzQ2NzM@._V1_UX128_CR0,3,128,176_AL_.jpg","Anthony Russo (dir.), Robert Downey Jr., Chris Evans","8.4","858937","Avengers: Endgame","Avengers: Endgame","2019","2019-04-24","Action, Adventure, Drama",181,"USA","English, Japanese, Xhosa, German","Anthony Russo, Joe Russo","Christopher Markus, Stephen McFeely","Marvel Studios","Robert Downey Jr., Chris Evans, Mark Ruffalo, Chris Hemsworth, Scarlett Johansson, Jeremy Renner, Don Cheadle, Paul Rudd, Benedict Cumberbatch, Chadwick Boseman, Brie Larson, Tom Holland, Karen Gillan, Zoe Saldana, Evangeline Lilly","After the devastating events of",8.4,754786,"$ 356000000","$ 858373000","$ 2797800564",78,8869,557
"tt0068646","37","-2","The Godfather","The Godfather (1972)","1972","https://m.media-amazon.com/images/M/MV5BM2MyNjYxNmUtYTAwNi00MTYxLWJmNWYtYzZlODY3ZTk3OTFlXkEyXkFqcGdeQXVyNzkwMjQ5NzM@._V1_UX128_CR0,1,128,176_AL_.jpg","Francis Ford Coppola (dir.), Marlon Brando, Al Pacino","9.2","1648506","Il padrino","The Godfather","1972","1972-09-21","Crime, Drama",175,"USA","English, Italian, Latin","Francis Ford Coppola","Mario Puzo, Francis Ford Coppola","Paramount Pictures","Marlon Brando, Al Pacino, James Caan, Richard S. Castellano, Robert Duvall, Sterling Hayden, John Marley, Richard Conte, Al Lettieri, Diane Keaton, Abe Vigoda, Talia Shire, Gianni Russo, John Cazale, Rudy Bond","The aging patriarch of an organized crime dynasty transfers control of his clandestine empire to his reluctant son.",9.2,1572674,"$ 6000000","$ 134966411","$ 246120974",100,3977,253
"tt3741700","38","-20","Godzilla: King of the Monsters","Godzilla: King of the Monsters (2019)","2019","https://m.media-amazon.com/images/M/MV5BOGFjYWNkMTMtMTg1ZC00Y2I4LTg0ZTYtN2ZlMzI4MGQwNzg4XkEyXkFqcGdeQXVyMTkxNjUyNQ@@._V1_UX128_CR0,3,128,176_AL_.jpg","Michael Dougherty (dir.), Kyle Chandler, Vera Farmiga","6.0","152846","Godzilla II - King of the Monsters","Godzilla: King of the Monsters","2019","2019-05-30","Action, Adventure, Fantasy",132,"USA, Japan, China, Canada","English, Japanese, Chinese, Spanish","Michael Dougherty","Michael Dougherty, Zach Shields","Warner Bros.","Kyle Chandler, Vera Farmiga, Millie Bobby Brown, Ken Watanabe, Ziyi Zhang, Bradley Whitford, Sally Hawkins, Charles Dance, Thomas Middleditch, Aisha Hinds, O'Shea Jackson Jr., David Strathairn, Anthony Ramos, Elizabeth Faith Ludlow, Jonathan Howard","The crypto-zoological agency Monarch faces off against a battery of god-sized monsters, including the mighty Godzilla, who collides with Mothra, Rodan, and his ultimate nemesis, the three-headed King Ghidorah.",6,125326,"$ 170000000","$ 110500138","$ 386600138",48,2141,375
"tt10633456","39","0","Minari","Minari (2020)","2020","https://m.media-amazon.com/images/M/MV5BNWEzOTNjNDgtZDhhYS00ODAxLWIzNGMtYjU3OGZhYmI3ZDU4XkEyXkFqcGdeQXVyMTAzNjk5MDI4._V1_UX128_CR0,3,128,176_AL_.jpg","Lee Isaac Chung (dir.), Steven Yeun, Yeri Han","7.6","32847","Minari","Minari","2020","2020-11-20","Drama",115,"USA","English","Lee Isaac Chung","Lee Isaac Chung","Plan B Entertainment","Steven Yeun, Yeri Han, Yuh-Jung Youn, Alan S. Kim, Noel Cho, Will Patton, Scott Haze, Eric Starkey, Esther Moon, Darryl Cox, Ben Hall, Jacob M Wade, James Carroll, Jenny Phagan, Tina Parker","A Korean family moves to Arkansas to start a farm in the 1980s.",8,167,"","","",88,2,10
"tt0120815","42","-6","Saving Private Ryan","Saving Private Ryan (1998)","1998","https://m.media-amazon.com/images/M/MV5BZjhkMDM4MWItZTVjOC00ZDRhLThmYTAtM2I5NzBmNmNlMzI1XkEyXkFqcGdeQXVyNDYyMDk5MTU@._V1_UX128_CR0,3,128,176_AL_.jpg","Steven Spielberg (dir.), Tom Hanks, Matt Damon","8.6","1255319","Salvate il soldato Ryan","Saving Private Ryan","1998","1998-10-30","Drama, War",169,"USA","English, French, German, Czech","Steven Spielberg","Robert Rodat","DreamWorks","Tom Hanks, Tom Sizemore, Edward Burns, Barry Pepper, Adam Goldberg, Vin Diesel, Giovanni Ribisi, Jeremy Davies, Matt Damon, Ted Danson, Paul Giamatti, Dennis Farina, Joerg Stadler, Max Martini, Dylan Bruno","Following the Normandy Landings, a group of U.S. soldiers go behind enemy lines to retrieve a paratrooper whose brothers have been killed in action.",8.6,1203825,"$ 70000000","$ 217049603","$ 482349603",91,2610,268
"tt1201607","48","+133","Harry Potter and the Deathly Hallows: Part 2","Harry Potter and the Deathly Hallows: Part 2 (2011)","2011","https://m.media-amazon.com/images/M/MV5BMGVmMWNiMDktYjQ0Mi00MWIxLTk0N2UtN2ZlYTdkN2IzNDNlXkEyXkFqcGdeQXVyODE5NzE3OTE@._V1_UX128_CR0,3,128,176_AL_.jpg","David Yates (dir.), Daniel Radcliffe, Emma Watson","8.1","777381","Harry Potter e i Doni della Morte - Parte 2","Harry Potter and the Deathly Hallows: Part 2","2011","2011-07-13","Adventure, Drama, Fantasy",130,"UK, USA","English","David Yates","Steve Kloves, J.K. Rowling","Warner Bros.","Ralph Fiennes, Michael Gambon, Alan Rickman, Daniel Radcliffe, Rupert Grint, Emma Watson, Evanna Lynch, Domhnall Gleeson, Clémence Poésy, Warwick Davis, John Hurt, Helena Bonham Carter, Graham Duff, Anthony Allgood, Rusty Goffe","Harry, Ron, and Hermione search for Voldemort's remaining Horcruxes in their effort to destroy the Dark Lord as the final battle rages on at Hogwarts.",8.1,743339,"$ 125000000","$ 381409310","$ 1342166497",85,959,486
"tt0974015","51","-23","Justice League","Justice League (2017)","2017","https://m.media-amazon.com/images/M/MV5BYWVhZjZkYTItOGIwYS00NmRkLWJlYjctMWM0ZjFmMDU4ZjEzXkEyXkFqcGdeQXVyMTMxODk2OTU@._V1_UX128_CR0,3,128,176_AL_.jpg","Zack Snyder (dir.), Ben Affleck, Gal Gadot","6.2","410616","Justice League","Justice League","2017","2017-11-16","Action, Adventure, Fantasy",120,"USA, Canada, UK","English, Irish, Russian, Icelandic","Zack Snyder","Jerry Siegel, Joe Shuster","Warner Bros.","Ben Affleck, Henry Cavill, Amy Adams, Gal Gadot, Ezra Miller, Jason Momoa, Ray Fisher, Jeremy Irons, Diane Lane, Connie Nielsen, J.K. Simmons, Ciarán Hinds, Amber Heard, Joe Morton, Lisa Loven Kongsli","Fueled by his restored faith in humanity and inspired by Superman's selfless act, Bruce Wayne enlists the help of his new-found ally, Diana Prince, to face an even greater enemy.",6.3,371025,"$ 300000000","$ 229024295","$ 681871991",45,2013,463
"tt0110366","52","+260","The Little Rascals","The Little Rascals (1994)","1994","https://m.media-amazon.com/images/M/MV5BYWE1MzdmNmMtNWQwZS00MTVkLTk3MDMtYzVkOWZlOTczMDIwXkEyXkFqcGdeQXVyNjg4NzYzMzA@._V1_UX128_CR0,3,128,176_AL_.jpg","Penelope Spheeris (dir.), Travis Tedford, Bug Hall","6.3","43868","Piccole canaglie","The Little Rascals","1994","1995-04-13","Comedy, Family, Romance",82,"USA","English","Penelope Spheeris","Penelope Spheeris, Robert Wolterstorff","Universal Pictures","Travis Tedford, Kevin Jamal Woods, Jordan Warkol, Zachary Mabry, Ross Bagley, Courtland Mead, Sam Saletta, Blake Jeremy Collins, Blake McIver Ewing, Juliette Brewer, Heather Karasek, Brittany Ashton Holmes, Bug Hall, Elmer, Petey","Alfalfa is wooing Darla and his \"He-Man-Woman-Hating\" friends attempt to sabotage the relationship.",6.3,42135,"$ 23000000","$ 52125282","$ 67308282",45,62,14
"tt7131622","58","+9","Once Upon a Time... In Hollywood","Once Upon a Time... In Hollywood (2019)","2019","https://m.media-amazon.com/images/M/MV5BOTg4ZTNkZmUtMzNlZi00YmFjLTk1MmUtNWQwNTM0YjcyNTNkXkEyXkFqcGdeQXVyNjg2NjQwMDQ@._V1_UX128_CR0,3,128,176_AL_.jpg","Quentin Tarantino (dir.), Leonardo DiCaprio, Brad Pitt","7.6","573771","C'era una volta a... Hollywood","Once Upon a Time... in Hollywood","2019","2019-09-18","Comedy, Drama",161,"USA, UK, China","English, Italian, Spanish, German","Quentin Tarantino","Quentin Tarantino","Columbia Pictures","Leonardo DiCaprio, Brad Pitt, Margot Robbie, Emile Hirsch, Margaret Qualley, Timothy Olyphant, Julia Butters, Austin Butler, Dakota Fanning, Bruce Dern, Mike Moh, Luke Perry, Damian Lewis, Al Pacino, Nicholas Hammond","A faded television actor and his stunt double strive to achieve fame and success in the final years of Hollywood's Golden Age in 1969 Los Angeles.",7.6,507214,"$ 90000000","$ 142502728","$ 374343626",83,5166,613
"tt0111161","60","-1","The Shawshank Redemption","The Shawshank Redemption (1994)","1994","https://m.media-amazon.com/images/M/MV5BMDFkYTc0MGEtZmNhMC00ZDIzLWFmNTEtODM1ZmRlYWMwMWFmXkEyXkFqcGdeQXVyMTMxODk2OTU@._V1_UX128_CR0,3,128,176_AL_.jpg","Frank Darabont (dir.), Tim Robbins, Morgan Freeman","9.3","2379513","Le ali della libertà","The Shawshank Redemption","1994","1995-02-10","Drama",142,"USA","English","Frank Darabont","Stephen King, Frank Darabont","Castle Rock Entertainment","Tim Robbins, Morgan Freeman, Bob Gunton, William Sadler, Clancy Brown, Gil Bellows, Mark Rolston, James Whitmore, Jeffrey DeMunn, Larry Brandenburg, Neil Giuntoli, Brian Libby, David Proval, Joseph Ragno, Jude Ciccolella","Two imprisoned men bond over a number of years, finding solace and eventual redemption through acts of common decency.",9.3,2278845,"$ 25000000","$ 28699976","$ 28815245",80,8232,164
"tt6751668","61","+8","Parasite","Parasite (2019)","2019","https://m.media-amazon.com/images/M/MV5BYWZjMjk3ZTItODQ2ZC00NTY5LWE0ZDYtZTI3MjcwN2Q5NTVkXkEyXkFqcGdeQXVyODk4OTc3MTY@._V1_UX128_CR0,3,128,176_AL_.jpg","Bong Joon Ho (dir.), Kang-ho Song, Sun-kyun Lee","8.6","593139","Parasite","Gisaengchung","2019","2019-11-07","Comedy, Drama, Thriller",132,"South Korea","Korean, English","Bong Joon Ho","Bong Joon Ho, Bong Joon Ho","Barunson E&A","Kang-ho Song, Sun-kyun Lee, Yeo-jeong Jo, Woo-sik Choi, So-dam Park, Jeong-eun Lee, Hye-jin Jang, Myeong-hoon Park, Ji-so Jung, Hyun-jun Jung, Keun-rok Park, Jeong Esuz, Jo Jae-Myeong, Ik-han Jung, Kim Gyu Baek","Greed and class discrimination threaten the newly formed symbiotic relationship between the wealthy Park family and the destitute Kim clan.",8.6,470931,"$ 11400000","$ 53369749","$ 257604912",96,2714,542
"tt1825683","64","-1","Black Panther","Black Panther (2018)","2018","https://m.media-amazon.com/images/M/MV5BMTg1MTY2MjYzNV5BMl5BanBnXkFtZTgwMTc4NTMwNDI@._V1_UX128_CR0,3,128,176_AL_.jpg","Ryan Coogler (dir.), Chadwick Boseman, Michael B. Jordan","7.3","642201","Black Panther","Black Panther","2018","2018-02-14","Action, Adventure, Sci-Fi",134,"USA","English, Swahili, Nama, Xhosa, Korean","Ryan Coogler","Ryan Coogler, Joe Robert Cole","Marvel Studios","Chadwick Boseman, Michael B. Jordan, Lupita Nyong'o, Danai Gurira, Martin Freeman, Daniel Kaluuya, Letitia Wright, Winston Duke, Sterling K. Brown, Angela Bassett, Forest Whitaker, Andy Serkis, Florence Kasumba, John Kani, David S. Lee","T'Challa, heir to the hidden but advanced kingdom of Wakanda, must step forward to lead his people into a new future and must confront a challenger from his country's past.",7.3,597058,"$ 200000000","$ 700426566","$ 1347280838",88,3243,685
"tt3731562","65","-41","Kong: Skull Island","Kong: Skull Island (2017)","2017","https://m.media-amazon.com/images/M/MV5BZDg0OGM1NWEtNDEwOC00OTE2LTliZWEtNzg1MTZkNjFlMmNhXkEyXkFqcGdeQXVyMTA4NjE0NjEy._V1_UX128_CR0,3,128,176_AL_.jpg","Jordan Vogt-Roberts (dir.), Tom Hiddleston, Samuel L. Jackson","6.6","285262","Kong: Skull Island","Kong: Skull Island","2017","2017-03-09","Action, Adventure, Fantasy",118,"USA, China","English, Vietnamese","Jordan Vogt-Roberts","Dan Gilroy, Max Borenstein","Warner Bros.","Tom Hiddleston, Samuel L. Jackson, Brie Larson, John C. Reilly, John Goodman, Corey Hawkins, John Ortiz, Tian Jing, Toby Kebbell, Jason Mitchell, Shea Whigham, Thomas Mann, Eugene Cordero, Marc Evan Jackson, Will Brittain","After the Vietnam war, a team of scientists explores an uncharted island in the Pacific, venturing into the domain of the mighty Kong, and must fight to escape a primal Eden.",6.6,262000,"$ 185000000","$ 168052812","$ 566652812",62,951,589
"tt0831387","68","-43","Godzilla","Godzilla (2014)","2014","https://m.media-amazon.com/images/M/MV5BZDFmYTM4NzAtNWM0ZC00MGJlLWEyYzQtYzA3ZTFiNzc1YjllXkEyXkFqcGdeQXVyMTA4NjE0NjEy._V1_UX128_CR0,3,128,176_AL_.jpg","Gareth Edwards (dir.), Aaron Taylor-Johnson, Elizabeth Olsen","6.4","389023","Godzilla","Godzilla","2014","2014-05-15","Action, Adventure, Sci-Fi",123,"USA, Japan","English, Japanese","Gareth Edwards","Ishirô Honda, Takeo Murata","Warner Bros.","Aaron Taylor-Johnson, CJ Adams, Ken Watanabe, Bryan Cranston, Elizabeth Olsen, Carson Bolde, Sally Hawkins, Juliette Binoche, David Strathairn, Richard T. Jones, Victor Rasuk, Patrick Sabongui, Jared Keeso, Luc Roderique, James Pizzinato","The world is beset by the appearance of monstrous creatures, but one of them may be the only one who can save humanity.",6.4,369814,"$ 160000000","$ 200676069","$ 524976069",62,1643,642
"tt0250494","69","+6","Legally Blonde","Legally Blonde (2001)","2001","https://m.media-amazon.com/images/M/MV5BNTEyNjUwMTkxMV5BMl5BanBnXkFtZTcwNjk0NDk0NA@@._V1_UX128_CR0,3,128,176_AL_.jpg","Robert Luketic (dir.), Reese Witherspoon, Luke Wilson","6.3","189930","La rivincita delle bionde","Legally Blonde","2001","2002-03-08","Comedy, Romance",96,"USA","English","Robert Luketic","Amanda Brown, Karen McCullah","Metro-Goldwyn-Mayer (MGM)","Reese Witherspoon, Luke Wilson, Selma Blair, Matthew Davis, Victor Garber, Jennifer Coolidge, Holland Taylor, Ali Larter, Jessica Cauffiel, Alanna Ubach, Oz Perkins, Linda Cardellini, Bruce Thomas, Meredith Scott Lynn, Raquel Welch","Elle Woods, a fashionable sorority queen, is dumped by her boyfriend. She decides to follow him to law school. While she is there, she figures out that there is more to her than just looks.",6.3,180089,"$ 18000000","$ 96520674","$ 141774679",59,588,154
"tt0468569","70","-14","The Dark Knight","The Dark Knight (2008)","2008","https://m.media-amazon.com/images/M/MV5BMTMxNTMwODM0NF5BMl5BanBnXkFtZTcwODAyMTk2Mw@@._V1_UX128_CR0,3,128,176_AL_.jpg","Christopher Nolan (dir.), Christian Bale, Heath Ledger","9.0","2343265","Il cavaliere oscuro","The Dark Knight","2008","2008-07-23","Action, Crime, Drama",152,"USA, UK","English, Mandarin","Christopher Nolan","Jonathan Nolan, Christopher Nolan","Warner Bros.","Christian Bale, Heath Ledger, Aaron Eckhart, Michael Caine, Maggie Gyllenhaal, Gary Oldman, Morgan Freeman, Monique Gabriela Curnen, Ron Dean, Cillian Murphy, Chin Han, Nestor Carbonell, Eric Roberts, Ritchie Coster, Anthony Michael Hall","When the menace known as the Joker wreaks havoc and chaos on the people of Gotham, Batman must accept one of the greatest psychological and physical tests of his ability to fight injustice.",9,2241615,"$ 185000000","$ 535234033","$ 1005455211",84,6938,423
"tt0114898","72","+4","Waterworld","Waterworld (1995)","1995","https://m.media-amazon.com/images/M/MV5BYzE4NTRmMDYtNWYzYi00YmNkLTk4NDEtYjFmMDc4ODQ3ODY2XkEyXkFqcGdeQXVyNTUyMzE4Mzg@._V1_UX128_CR0,3,128,176_AL_.jpg","Kevin Reynolds (dir.), Kevin Costner, Jeanne Tripplehorn","6.3","183225","Waterworld","Waterworld","1995","1995-09-15","Action, Adventure, Sci-Fi",135,"USA","English","Kevin Reynolds","Peter Rader, David Twohy","Universal Pictures","Kevin Costner, Chaim Jeraffi, Rick Aviles, R.D. Call, Zitto Kazann, Leonardo Cimino, Zakes Mokae, Luke Ka'ili Jr., Anthony DeMasters, Willy Petrovic, Jack Kehler, Jeanne Tripplehorn, Lanny Flaherty, Robert A. Silverman, Gerard Murphy","In a future where the polar ice-caps have melted and Earth is almost entirely submerged, a mutated mariner fights starvation and outlaw \"smokers,\" and reluctantly helps a woman and a young girl try to find dry land.",6.2,177164,"$ 175000000","$ 88246220","$ 264218220",56,383,129
"tt10059518","73","-24","Unhinged","Unhinged (2020)","2020","https://m.media-amazon.com/images/M/MV5BYjc1Mjg5NjItY2I2MS00NDk3LWI5NGYtNzZjNTNiZmMwZTA3XkEyXkFqcGdeQXVyMjM4NTM5NDY@._V1_UX128_CR0,3,128,176_AL_.jpg","Derrick Borte (dir.), Russell Crowe, Caren Pistorius","6.0","44287","Il giorno sbagliato","Unhinged","2020","2020-09-24","Action, Thriller",90,"USA","English","Derrick Borte","Carl Ellsworth","Burek Films","Russell Crowe, Caren Pistorius, Jimmi Simpson, Gabriel Bateman, Anne Leighton, Austin P. McKenzie, Lucy Faust, Michael Papajohn, Brett Smrz, Juliene Joyner, Stephen Louis Grush, Sylvia Grace Crim, Gregory Hobson, Devyn A. Tyler, Hick Cheramie","After a confrontation with an unstable man at an intersection, a woman becomes the target of his rage.",6.2,4720,"$ 33000000","$ 9025406","$ 21025406",40,159,119
"tt0241527","76","-24","Harry Potter and the Sorcerer's Stone","Harry Potter and the Sorcerer's Stone (2001)","2001","https://m.media-amazon.com/images/M/MV5BNjQ3NWNlNmQtMTE5ZS00MDdmLTlkZjUtZTBlM2UxMGFiMTU3XkEyXkFqcGdeQXVyNjUwNzk3NDc@._V1_UX128_CR0,3,128,176_AL_.jpg","Chris Columbus (dir.), Daniel Radcliffe, Rupert Grint","7.6","670536","Harry Potter e la pietra filosofale","Harry Potter and the Sorcerer's Stone","2001","2001-12-06","Adventure, Family, Fantasy",152,"UK, USA","English","Chris Columbus","J.K. Rowling, Steve Kloves","Warner Bros.","Richard Harris, Maggie Smith, Robbie Coltrane, Saunders Triplets, Daniel Radcliffe, Fiona Shaw, Harry Melling, Richard Griffiths, Derek Deadman, Ian Hart, Ben Borowiecki, Warwick Davis, Verne Troyer, John Hurt, Richard Bremmer","An orphaned boy enrolls in a school of wizardry, where he learns the truth about himself, his family and the terrible evil that haunts the magical world.",7.6,625097,"$ 125000000","$ 318087620","$ 1001985848",64,1754,268
"tt0120338","77","+31","Titanic","Titanic (1997)","1997","https://m.media-amazon.com/images/M/MV5BMDdmZGU3NDQtY2E5My00ZTliLWIzOTUtMTY4ZGI1YjdiNjk3XkEyXkFqcGdeQXVyNTA4NzY1MzY@._V1_UX128_CR0,3,128,176_AL_.jpg","James Cameron (dir.), Leonardo DiCaprio, Kate Winslet","7.8","1061039","Titanic","Titanic","1997","1998-01-16","Drama, Romance",194,"USA, Mexico, Australia, Canada","English, Swedish, Italian, French","James Cameron","James Cameron","Twentieth Century Fox","Leonardo DiCaprio, Kate Winslet, Billy Zane, Kathy Bates, Frances Fisher, Gloria Stuart, Bill Paxton, Bernard Hill, David Warner, Victor Garber, Jonathan Hyde, Suzy Amis, Lewis Abernathy, Nicholas Cascone, Anatoly M. Sagalevitch","A seventeen-year-old aristocrat falls in love with a kind but poor artist aboard the luxurious, ill-fated R.M.S. Titanic.",7.8,1023181,"$ 200000000","$ 659363944","$ 2195169869",75,2884,331
"tt8946378","79","-21","Knives Out","Knives Out (2019)","2019","https://m.media-amazon.com/images/M/MV5BMGUwZjliMTAtNzAxZi00MWNiLWE2NzgtZGUxMGQxZjhhNDRiXkEyXkFqcGdeQXVyNjU1NzU3MzE@._V1_UX128_CR0,3,128,176_AL_.jpg","Rian Johnson (dir.), Daniel Craig, Chris Evans","7.9","482069","Cena con delitto - Knives Out","Knives Out","2019","2019-12-05","Comedy, Crime, Drama",130,"USA","English, Spanish, Hindi","Rian Johnson","Rian Johnson","Lionsgate","Daniel Craig, Chris Evans, Ana de Armas, Jamie Lee Curtis, Michael Shannon, Don Johnson, Toni Collette, LaKeith Stanfield, Christopher Plummer, Katherine Langford, Jaeden Martell, Riki Lindhome, Edi Patterson, Frank Oz, K Callan","A detective investigates the death of a patriarch of an eccentric, combative family.",7.9,377903,"$ 40000000","$ 165363234","$ 309232797",82,2334,448
"tt9016974","80","+449","Synchronic","Synchronic (2019)","2019","https://m.media-amazon.com/images/M/MV5BYWVlNjUxNzctZTI3NC00MDMzLWFlMjAtYmI2NWE5ZWJhYjZmXkEyXkFqcGdeQXVyMTEyMjM2NDc2._V1_UX128_CR0,3,128,176_AL_.jpg","Justin Benson (dir.), Anthony Mackie, Jamie Dornan","6.2","14740","Synchronic","Synchronic","2019","2019-09-07","Drama, Horror, Sci-Fi",96,"USA","English","Justin Benson, Aaron Moorhead","Justin Benson","Patriot Pictures","Jamie Dornan, Anthony Mackie, Katie Aselton, Ally Ioannides, Bill Oberst Jr., Martin Bats Bradford, Devyn A. Tyler, Aaron Groben, Sophie Howell, Betsy Holt, Lawrence Turner, Sam Malone, Natasha Tina Liu, Rosé Belara Young, Kate Adair","Two New Orleans paramedics' lives are ripped apart after they encounter a series of horrific deaths linked to a designer drug with bizarre, otherworldly effects.",6.7,488,"","","",61,5,43
"tt7286456","83","-1","Joker","Joker (2019)","2019","https://m.media-amazon.com/images/M/MV5BNGVjNWI4ZGUtNzE0MS00YTJmLWE0ZDctN2ZiYTk2YmI3NTYyXkEyXkFqcGdeQXVyMTkxNjUyNQ@@._V1_UX128_CR0,3,128,176_AL_.jpg","Todd Phillips (dir.), Joaquin Phoenix, Robert De Niro","8.4","983788","Joker","Joker","2019","2019-10-03","Crime, Drama, Thriller",122,"USA, Canada","English","Todd Phillips","Todd Phillips, Scott Silver","Warner Bros.","Joaquin Phoenix, Robert De Niro, Zazie Beetz, Frances Conroy, Brett Cullen, Shea Whigham, Bill Camp, Glenn Fleshler, Leigh Gill, Josh Pais, Rocco Luna, Marc Maron, Sondra James, Murphy Guyer, Douglas Hodge","In Gotham City, mentally troubled comedian Arthur Fleck is disregarded and mistreated by society. He then embarks on a downward spiral of revolution and bloody crime. This path brings him face-to-face with his alter-ego: the Joker.",8.5,855097,"$ 55000000","$ 335451311","$ 1074251311",59,10472,698
"tt4154756","84","-1","Avengers: Infinity War","Avengers: Infinity War (2018)","2018","https://m.media-amazon.com/images/M/MV5BMjMxNjY2MDU1OV5BMl5BanBnXkFtZTgwNzY1MTUwNTM@._V1_UX128_CR0,3,128,176_AL_.jpg","Anthony Russo (dir.), Robert Downey Jr., Chris Hemsworth","8.4","867072","Avengers: Infinity War","Avengers: Infinity War","2018","2018-04-25","Action, Adventure, Sci-Fi",149,"USA","English","Anthony Russo, Joe Russo","Christopher Markus, Stephen McFeely","Marvel Studios","Robert Downey Jr., Chris Hemsworth, Mark Ruffalo, Chris Evans, Scarlett Johansson, Don Cheadle, Benedict Cumberbatch, Tom Holland, Chadwick Boseman, Zoe Saldana, Karen Gillan, Tom Hiddleston, Paul Bettany, Elizabeth Olsen, Anthony Mackie","The Avengers and their allies must be willing to sacrifice all in an attempt to defeat the powerful Thanos before his blitz of devastation and ruin puts an end to the universe.",8.4,796486,"$ 321000000","$ 678815482","$ 2048359754",68,4273,611
"tt1477834","85","+30","Aquaman","Aquaman (2018)","2018","https://m.media-amazon.com/images/M/MV5BOTk5ODg0OTU5M15BMl5BanBnXkFtZTgwMDQ3MDY3NjM@._V1_UX128_CR0,3,128,176_AL_.jpg","James Wan (dir.), Jason Momoa, Amber Heard","6.9","390783","Aquaman","Aquaman","2018","2019-01-01","Action, Adventure, Fantasy",143,"USA, Australia","English, Russian, Maori, Italian","James Wan","David Leslie Johnson-McGoldrick, Will Beall","DC Comics","Jason Momoa, Amber Heard, Willem Dafoe, Patrick Wilson, Nicole Kidman, Dolph Lundgren, Yahya Abdul-Mateen II, Temuera Morrison, Ludi Lin, Michael Beach, Randall Park, Graham McTavish, Leigh Whannell, Tainui Kirkwood, Tamor Kirkwood","Arthur Curry, the human-born heir to the underwater kingdom of Atlantis, goes on a quest to prevent a war between the worlds of ocean and land.",6.9,348878,"$ 160000000","$ 335061807","$ 1148485886",55,3883,446
"tt8772262","87","-1","Midsommar","Midsommar (2019)","2019","https://m.media-amazon.com/images/M/MV5BMzQxNzQzOTQwM15BMl5BanBnXkFtZTgwMDQ2NTcwODM@._V1_UX128_CR0,3,128,176_AL_.jpg","Ari Aster (dir.), Florence Pugh, Jack Reynor","7.1","213108","Midsommar - Il villaggio dei dannati","Midsommar","2019","2019-07-25","Drama, Horror, Mystery",148,"USA, Sweden","English, Swedish","Ari Aster","Ari Aster","A24","Florence Pugh, Jack Reynor, Vilhelm Blomgren, William Jackson Harper, Will Poulter, Ellora Torchia, Archie Madekwe, Henrik Norlén, Gunnel Fred, Isabelle Grill, Agnes Westerlund Rase, Julia Ragnarsson, Mats Blomgren, Lars Väringer, Anna Åström","A couple travels to Sweden to visit a rural hometown's fabled mid-summer festival. What begins as an idyllic retreat quickly devolves into an increasingly violent and bizarre competition at the hands of a pagan cult.",7.1,176389,"$ 9000000","$ 27426361","$ 47903099",72,2706,390
"tt0417741","88","-65","Harry Potter and the Half-Blood Prince","Harry Potter and the Half-Blood Prince (2009)","2009","https://m.media-amazon.com/images/M/MV5BNzU3NDg4NTAyNV5BMl5BanBnXkFtZTcwOTg2ODg1Mg@@._V1_UX128_CR0,3,128,176_AL_.jpg","David Yates (dir.), Daniel Radcliffe, Emma Watson","7.6","483762","Harry Potter e il principe mezzosangue","Harry Potter and the Half-Blood Prince","2009","2009-07-15","Action, Adventure, Family",153,"UK, USA","English","David Yates","Steve Kloves, J.K. Rowling","Warner Bros.","Daniel Radcliffe, Michael Gambon, Dave Legeno, Elarica Johnson, Jim Broadbent, Geraldine Somerville, Bonnie Wright, Julie Walters, Rupert Grint, Emma Watson, Helena Bonham Carter, Helen McCrory, Timothy Spall, Alan Rickman, Oliver Phelps","As Harry Potter (",7.6,458080,"$ 250000000","$ 302305431","$ 934408366",78,1068,396
"tt0993846","89","+9","The Wolf of Wall Street","The Wolf of Wall Street (2013)","2013","https://m.media-amazon.com/images/M/MV5BMjIxMjgxNTk0MF5BMl5BanBnXkFtZTgwNjIyOTg2MDE@._V1_UX128_CR0,3,128,176_AL_.jpg","Martin Scorsese (dir.), Leonardo DiCaprio, Jonah Hill","8.2","1214971","The Wolf of Wall Street","The Wolf of Wall Street","2013","2014-01-23","Biography, Crime, Drama",180,"USA","English, French","Martin Scorsese","Terence Winter, Jordan Belfort","Red Granite Pictures","Leonardo DiCaprio, Jonah Hill, Margot Robbie, Matthew McConaughey, Kyle Chandler, Rob Reiner, Jon Bernthal, Jon Favreau, Jean Dujardin, Joanna Lumley, Cristin Milioti, Christine Ebersole, Shea Whigham, Katarina Cas, P.J. Byrne","Based on the true story of",8.2,1141549,"$ 100000000","$ 116900694","$ 392000694",75,1466,645
"tt0110912","91","+23","Pulp Fiction","Pulp Fiction (1994)","1994","https://m.media-amazon.com/images/M/MV5BNGNhMDIzZTUtNTBlZi00MTRlLWFjM2ItYzViMjE3YzI5MjljXkEyXkFqcGdeQXVyNzkwMjQ5NzM@._V1_UX128_CR0,3,128,176_AL_.jpg","Quentin Tarantino (dir.), John Travolta, Uma Thurman","8.9","1853674","Pulp Fiction","Pulp Fiction","1994","1994-10-28","Crime, Drama",154,"USA","English, Spanish, French","Quentin Tarantino","Quentin Tarantino, Roger Avary","Miramax","Tim Roth, Amanda Plummer, Laura Lovelace, John Travolta, Samuel L. Jackson, Phil LaMarr, Frank Whaley, Burr Steers, Bruce Willis, Ving Rhames, Paul Calderon, Bronagh Gallagher, Rosanna Arquette, Eric Stoltz, Uma Thurman","The lives of two mob hitmen, a boxer, a gangster and his wife, and a pair of diner bandits intertwine in four tales of violence and redemption.",8.9,1780147,"$ 8000000","$ 107928762","$ 222831817",94,3058,289
"tt0120737","94","+6","The Lord of the Rings: The Fellowship of the Ring","The Lord of the Rings: The Fellowship of the Ring (2001)","2001","https://m.media-amazon.com/images/M/MV5BN2EyZjM3NzUtNWUzMi00MTgxLWI0NTctMzY4M2VlOTdjZWRiXkEyXkFqcGdeQXVyNDUzOTQ5MjY@._V1_UX128_CR0,3,128,176_AL_.jpg","Peter Jackson (dir.), Elijah Wood, Ian McKellen","8.8","1685333","Il Signore degli Anelli - La compagnia dell'Anello","The Lord of the Rings: The Fellowship of the Ring","2001","2002-01-18","Action, Adventure, Drama",178,"New Zealand, USA","English, Sindarin","Peter Jackson","J.R.R. Tolkien, Fran Walsh","New Line Cinema","Alan Howard, Noel Appleby, Sean Astin, Sala Baker, Sean Bean, Cate Blanchett, Orlando Bloom, Billy Boyd, Marton Csokas, Megan Edwards, Michael Elsworth, Mark Ferguson, Ian Holm, Christopher Lee, Lawrence Makoare","A meek Hobbit from the Shire and eight companions set out on a journey to destroy the powerful One Ring and save Middle-earth from the Dark Lord Sauron.",8.8,1619920,"$ 93000000","$ 315544750","$ 887934303",92,5392,340
"tt0458339","95","+14","Captain America: The First Avenger","Captain America: The First Avenger (2011)","2011","https://m.media-amazon.com/images/M/MV5BMTYzOTc2NzU3N15BMl5BanBnXkFtZTcwNjY3MDE3NQ@@._V1_UX128_CR0,3,128,176_AL_.jpg","Joe Johnston (dir.), Chris Evans, Hugo Weaving","6.9","755311","Captain America - Il primo Vendicatore","Captain America: The First Avenger","2011","2011-07-22","Action, Adventure, Sci-Fi",124,"USA","English, Norwegian, French","Joe Johnston","Christopher Markus, Stephen McFeely","Paramount Pictures","Chris Evans, Hayley Atwell, Sebastian Stan, Tommy Lee Jones, Hugo Weaving, Dominic Cooper, Richard Armitage, Stanley Tucci, Samuel L. Jackson, Toby Jones, Neal McDonough, Derek Luke, Kenneth Choi, JJ Feild, Bruno Ricci","Steve Rogers, a rejected military soldier, transforms into Captain America after taking a dose of a \"Super-Soldier serum\". But being Captain America comes at a price as he attempts to take down a war monger and a terrorist organization.",6.9,723473,"$ 140000000","$ 176654505","$ 370569774",66,892,557
"tt1961175","96","+779","American Assassin","American Assassin (2017)","2017","https://m.media-amazon.com/images/M/MV5BMjM0MjY4MTk5NV5BMl5BanBnXkFtZTgwNDE2NTQyMzI@._V1_UX128_CR0,3,128,176_AL_.jpg","Michael Cuesta (dir.), Dylan O'Brien, Michael Keaton","6.2","72896","American Assassin","American Assassin","2017","2017-11-23","Action, Thriller",111,"USA","English, Spanish, Arabic, Polish, Turkish, Russian, Italian, Persian","Michael Cuesta","Stephen Schiff, Michael Finch","CBS Films","Dylan O'Brien, Charlotte Vega, Christopher Bomford, Chris Webster, Shahid Ahmed, Buster Reeves, Nick Cavaliere, Simon Connolly, Yousef 'Joe' Sweid, Joost Janssen, Adam Collins, Trevor White, Sanaa Lathan, Jeff Davis, David Suchet","After the death of his girlfriend at the hands of terrorists, Mitch Rapp is drawn into the world of counterterrorism, mentored by tough-as-nails former U.S. Navy S.E.A.L. Stan Hurley.",6.2,67929,"$ 33000000","$ 36249674","$ 67234188",45,423,223
"tt1856101","99","+23","Blade Runner 2049","Blade Runner 2049 (2017)","2017","https://m.media-amazon.com/images/M/MV5BNzA1Njg4NzYxOV5BMl5BanBnXkFtZTgwODk5NjU3MzI@._V1_UX128_CR0,3,128,176_AL_.jpg","Denis Villeneuve (dir.), Harrison Ford, Ryan Gosling","8.0","474559","Blade Runner 2049","Blade Runner 2049","2017","2017-10-05","Action, Drama, Mystery",164,"USA, UK, Hungary, Canada, Spain","English, Finnish, Japanese, Hungarian, Russian, Somali, Spanish","Denis Villeneuve","Hampton Fancher, Michael Green","Alcon Entertainment","Ryan Gosling, Dave Bautista, Robin Wright, Mark Arnold, Vilma Szécsi, Ana de Armas, Wood Harris, David Dastmalchian, Tómas Lemarquis, Sylvia Hoeks, Edward James Olmos, Jared Leto, Sallie Harmsen, Hiam Abbass, Mackenzie Davis","Young Blade Runner K's discovery of a long-buried secret leads him to track down former Blade Runner Rick Deckard, who's been missing for thirty years.",8,440890,"$ 150000000","$ 92054159","$ 259239658",81,2381,642
